Day Number,L0,L1,L2,L3,L4,L5,L6
0,"[0.996, 1.0]","[0, nan]","[0, nan]","[0, nan]","[0, nan]","[0, nan]","[0, 0.0]"
5,"[0.996, 1.0]","[0.0, nan]","[0, nan]","[0, nan]","[0, nan]","[0, nan]","[0, 0.0]"
10,"[0.9959192964687564, 1.0]","[8.070353124356799e-05, 0.9740037464]","[0, nan]","[0, nan]","[0, nan]","[0, nan]","[0, 0.0]"
15,"[0.9958368610105631, 1.0]","[0.00016313898943690487, 0.9614779265605281]","[0, nan]","[0, nan]","[0, nan]","[0, nan]","[0, 0.0]"
20,"[0.9957526544919483, 1.0]","[0.00024734550805167733, 0.9492566630170721]","[0, nan]","[0, nan]","[0, nan]","[0, nan]","[0, 0.0]"
25,"[0.9956666368547896, 1.0]","[0.00033336314521030807, 0.9373324643249891]","[0, nan]","[0, nan]","[0, nan]","[0, nan]","[0, 0.0]"
30,"[0.9955787670935824, 1.0]","[0.00042123290641749646, 0.9256980287720074]","[0.0, nan]","[0, nan]","[0, nan]","[0, nan]","[0, 0.0]"
35,"[0.995489003232129, 1.0]","[0.0004302932366273513, 0.9256991656230771]","[8.070353124356799e-05, 0.8538149682]","[0, nan]","[0, nan]","[0, nan]","[0, 0.0]"
40,"[0.9953973022996335, 1.0]","[0.0004395587109294263, 0.9257003026547638]","[0.00016313898943690487, 0.8428347922720308]","[0, nan]","[0, nan]","[0, nan]","[0, 0.0]"
45,"[0.9953036203061871, 1.0]","[0.00044903418576107423, 0.9257014398663667]","[0.00024734550805167733, 0.8321215914493599]","[0, nan]","[0, nan]","[0, nan]","[0, 0.0]"
50,"[0.9952079122176261, 1.0]","[0.00045872463716349187, 0.9257025772571886]","[0.00033336314521030807, 0.8216687986783451]","[0, nan]","[0, nan]","[0, nan]","[0, 0.0]"
55,"[0.9951101319297482, 1.0]","[0.000468635163834211, 0.9257037148265354]","[0.00042123290641749646, 0.8114700132427325]","[0, nan]","[0, nan]","[0, nan]","[0, 0.0]"
60,"[0.9950102322418688, 1.0]","[0.00047877099026006763, 0.9257048525737168]","[0.0005109967678709193, 0.8015189964649876]","[0.0, nan]","[0, nan]","[0, nan]","[0, 0.0]"
65,"[0.9949081648297007, 1.0]","[0.0004891374699328405, 0.9257059904980461]","[0.0005219941691227632, 0.8015204311175732]","[8.070353124356799e-05, 0.729]","[0, nan]","[0, nan]","[0, 0.0]"
70,"[0.9948038802175373, 1.0]","[0.0004997400886497925, 0.9257071285988391]","[0.0005332407043758467, 0.8015218659971605]","[0.00016313898943690487, 0.7196249614083339]","[0, nan]","[0, nan]","[0, 0.0]"
75,"[0.9946973277497246, 1.0]","[0.0005105844679014507, 0.9257082668754161]","[0.0005447422743221226, 0.8015233011028662]","[0.00024734550805167733, 0.7104778701922801]","[0, nan]","[0, nan]","[0, 0.0]"
80,"[0.9945884555613992, 1.0]","[0.0005216763683489827, 0.9257094053270996]","[0.0005565049250413994, 0.8015247364338116]","[0.00033336314521030807, 0.7015531192530273]","[0, nan]","[0, nan]","[0, 0.0]"
85,"[0.9944772105484754, 1.0]","[0.0005330216933936018, 0.9257105439532162]","[0.0005685348517134905, 0.8015261719891223]","[0.00042123290641749646, 0.6928452435933717]","[0, nan]","[0, nan]","[0, 0.0]"
90,"[0.9943635383368602, 1.0]","[0.0005446264928405382, 0.9257116827530959]","[0.0005808384024282525, 0.8015276077679284]","[0.0005109967678709193, 0.6843489165196389]","[0, nan]","[0, nan]","[0, 0.0]"
95,"[0.9942473832508771, 1.0]","[0.0005564969666601387, 0.9257128217260714]","[0.0005934220820962129, 0.801529043769364]","[0.0006026977003663311, 0.6760589461556886]","[0.0, nan]","[0, nan]","[0, 0.0]"
100,"[0.9941286882808759, 1.0]","[0.0005686394688487377, 0.9257139608714788]","[0.000606292556462499, 0.8015304799925672]","[0.0006156761625691836, 0.6760606045169154]","[8.070353124356799e-05, 0.6062502348]","[0, nan]","[0, 0.0]"
105,"[0.994007395050007, 1.0]","[0.0005810605113920504, 0.9257151001886575]","[0.0006194566562268902, 0.8015319164366809]","[0.0006289487929368951, 0.6760622631393698]","[0.00016313898943690487, 0.5984537748245036]","[0, nan]","[0, 0.0]"
110,"[0.9938834437801413, 1.0]","[0.0005937667683338806, 0.9257162396769505]","[0.0006329213812728814, 0.8015333531008519]","[0.0006425225622000301, 0.6760639220220318]","[0.00024734550805167733, 0.5908468801626604]","[0, nan]","[0, 0.0]"
115,"[0.993756773256907, 1.0]","[0.0006067650799530187, 0.9257173793357037]","[0.0006466939050087231, 0.801534789984231]","[0.0006564046129206789, 0.676065581163887]","[0.00033336314521030807, 0.5834248879285813]","[0, nan]","[0, 0.0]"
120,"[0.9936273207938258, 1.0]","[0.0006200624570512989, 0.925718519164266]","[0.000660781578823511, 0.8015362270859744]","[0.0006706022638816754, 0.6760672405639258]","[0.00042123290641749646, 0.5761832532818201]","[0, nan]","[0, 0.0]"
125,"[0.9934950221955199, 1.0]","[0.0006336660853558751, 0.9257196591619896]","[0.0006751919366614443, 0.8015376644052404]","[0.0006851230145916247, 0.6760689002211435]","[0.0005109967678709193, 0.5691175464472176]","[0, nan]","[0, 0.0]"
130,"[0.9933598117199682, 1.0]","[0.0006475833300388212, 0.9257207993282297]","[0.00068993269971749, 0.8015391019411925]","[0.0006999745499089194, 0.6760705601345401]","[0.0006026977003663311, 0.5622234497588792]","[0, nan]","[0, 0.0]"
135,"[0.9932216220397839, 1.0]","[0.0006618217403573059, 0.9257219396623447]","[0.0007050117812577792, 0.8015405396929981]","[0.0007151647447879386, 0.6760722203031212]","[0.0006963796938127515, 0.5554967547414168]","[0.0, nan]","[0, 0.0]"
140,"[0.9930803842024893, 1.0]","[0.0006763890544176308, 0.9257230801636969]","[0.0007204372915681398, 0.8015419776598294]","[0.0007307016691507889, 0.6760738807258966]","[0.000711384251130232, 0.5554985416833109]","[8.070353124356799e-05, 0.4910626902]","[0, 0.0]"
145,"[0.9929360275897592, 1.0]","[0.0006912932040665547, 0.9257242208316502]","[0.0007362175430342717, 0.8015434158408613]","[0.0007465935928880025, 0.6760755414018811]","[0.0007267290808148026, 0.5555003289053192]","[0.00016313898943690487, 0.48474755761391153]","[0, 0.0]"
150,"[0.9927884798756065, 1.0]","[0.0007065423199133889, 0.9257253616655726]","[0.0007523610553571806, 0.8015448542352739]","[0.0007628489909916958, 0.6760772023300947]","[0.0007424222500793097, 0.5555021164063438]","[0.00024734550805167733, 0.47858597294171334]","[0, 0.0]"
155,"[0.9926376669834818, 1.0]","[0.0007221447364864923, 0.925726502664835]","[0.0007688765609075734, 0.8015462928422501]","[0.0007794765488248165, 0.6760788635095618]","[0.0007584720250888637, 0.5555039041852928]","[0.00033336314521030807, 0.47257415921347834]","[0, 0.0]"
160,"[0.9924835130422561, 1.0]","[0.0007381089975278181, 0.9257276438288109]","[0.0007857730102230347, 0.8015477316609778]","[0.0007964851675301965, 0.6760805249393115]","[0.0007748868760450476, 0.5555056922410789]","[0.00042123290641749646, 0.46670843514474986]","[0, 0.0]"
165,"[0.99232594034106, 1.0]","[0.0007544438614293885, 0.9257287851568772]","[0.00080305957765189, 0.8015491706906481]","[0.0008138839695832188, 0.6760821866183777]","[0.0007916754824043313, 0.5555074805726209]","[0.0005109967678709193, 0.4609852126108583]","[0, 0.0]"
170,"[0.9921648692829437, 1.0]","[0.0007711583068155515, 0.9257299266484145]","[0.0008207456671478077, 0.8015506099304566]","[0.0008316823044920385, 0.6760838485457992]","[0.000808846738234359, 0.5555092691788419]","[0.0006026977003663311, 0.45540099430152475]","[0, 0.0]"
175,"[0.9920002183373314, 1.0]","[0.0007882615382750764, 0.925731068302804]","[0.0008388409182192707, 0.8015520493796022]","[0.0008498897546493928, 0.6760855107206194]","[0.0008264097577118372, 0.5555110580586715]","[0.0006963796938127515, 0.4499523713393697]","[0, 0.0]"
180,"[0.9918319039912344, 1.0]","[0.0008057629922472245, 0.925732210119433]","[0.0008573552120381907, 0.8015534890372884]","[0.0008685161413401534, 0.6760871731418862]","[0.00084437388076591, 0.5555128472110435]","[0.0007920877823738, 0.4446360210373342]","[0, 0.0]"
185,"[0.99165984069919, 1.0]","[0.0008236723430660576, 0.9257333520976893]","[0.0008762986777120316, 0.8015549289027217]","[0.000887571530908879, 0.6760888358086518]","[0.0008627486788709753, 0.5555146366348975]","[0.0008898680702517075, 0.43944870465091684]","[0, 0.0]"
190,"[0.9914839408318926, 1.0]","[0.000841999509167338, 0.9257344942369645]","[0.0008956816987239726, 0.8015563689751128]","[0.0009070662410917869, 0.6760904987199738]","[0.0008815439609930014, 0.5555164263291781]","[0.000989767758130987, 0.43438726522896043]","[0.0, 0.0]"
195,"[0.991304114623481, 1.0]","[0.0008607546594625726, 0.9257356365366536]","[0.0009155149195457284, 0.8015578092536765]","[0.0009270108475176188, 0.6760921618749136]","[0.0009007697796935688, 0.555518216292835]","[0.0010111316390556038, 0.4343899181934871]","[8.070353124356799e-05, 0.0]"
200,"[0.9911202701174466, 1.0]","[0.0008799482198847715, 0.9257367789961535]","[0.0009358092524277923, 0.8015592497376305]","[0.0009474161903820671, 0.6760938252725378]","[0.0009204364373959253, 0.5555200065248229]","[0.0010329807930256393, 0.43439257156684846]","[0.00016313898943690487, 0.0]"
205,"[0.9909323131111237, 1.0]","[0.0008995908801107362, 0.9257379216148647]","[0.0009565758843720262, 0.8015606904261973]","[0.0009682933813005237, 0.6760954889119164]","[0.000940554492817478, 0.5555217970241019]","[0.0010553267422235733, 0.4343952253474173]","[0.00024734550805167733, 0.0]"
210,"[0.9907401470987253, 1.0]","[0.0009196936004647611, 0.9257390643921904]","[0.0009778262842915968, 0.8015621313186024]","[0.0009896538103440725, 0.6760971527921255]","[0.0009611347675732915, 0.5555235877896367]","[0.001078181293390382, 0.4343978795335742]","[0.00033336314521030807, 0.0]"
215,"[0.9905436732128838, 1.0]","[0.0009402676190087647, 0.9257402073275361]","[0.0009995722103634925, 0.8015635724140749]","[0.00101150915326373, 0.676098816912244]","[0.0009821883529552745, 0.5555253788203974]","[0.0011015565451070923, 0.4344005341237078]","[0.00042123290641749646, 0.0]"
220,"[0.990342790164657, 1.0]","[0.0009613244588240626, 0.9257413504203111]","[0.0010218257175789126, 0.8015650137118486]","[0.001033871378908186, 0.6761004812713565]","[0.0010037266168918518, 0.5555271701153588]","[0.0011254648952687906, 0.4344031891162144]","[0.0005109967678709193, 0.0]"
225,"[0.9901373941819566, 1.0]","[0.0009828759354901155, 0.9257424936699268]","[0.0010445991654970124, 0.8015664552111594]","[0.0010567527568403126, 0.6761021458685511]","[0.0010257612110930925, 0.5555289616735009]","[0.0011499190487563515, 0.43440584450949826]","[0.0006026977003663311, 0.0]"
230,"[0.9899273789463581, 1.0]","[0.0010049341647657003, 0.9257436370757972]","[0.0010679052262076861, 0.8015678969112483]","[0.0010801658651579693, 0.6761038107029207]","[0.001048304078386371, 0.5555307534938084]","[0.0011749320253112367, 0.43440850030197126]","[0.0006963796938127515, 0.0]"
235,"[0.9897126355282473, 1.0]","[0.0010275115704781771, 0.9257447806373401]","[0.0010917568925091334, 0.8015693388113588]","[0.0011041235985247422, 0.6761054757735625]","[0.0010713674602477958, 0.5555325455752711]","[0.0012005171676189405, 0.43441115649205303]","[0.0007920877823738, 0.0]"
240,"[0.9894930523202573, 1.0]","[0.0010506208926266448, 0.9257459243539745]","[0.0011161674863061997, 0.801570780910739]","[0.0011286391764163985, 0.6761071410795778]","[0.001094963904534783, 0.5555343379168833]","[0.001226688149606762, 0.4344138130781706]","[0.0008898680702517075, 0.0]"
245,"[0.9892685149689521, 1.0]","[0.001074275195704958, 0.9257470682251234]","[0.001141150667235637, 0.8015722232086394]","[0.0011537261515890318, 0.6761088066200726]","[0.0011191062734253255, 0.5555361305176447]","[0.0012534589849617418, 0.43441647005875933]","[0.000989767758130987, 0.0]"
250,"[0.9890389063047058, 1.0]","[0.0010984878772507187, 0.9257482122502124]","[0.0011667204415245554, 0.8015736657043151]","[0.001179398418775067, 0.6761104723941568]","[0.0011438077515696116, 0.5555379233765594]","[0.0012808440358748098, 0.4344191274322614]","[0.0010918351702991717, 0.0]"
255,"[0.9888041062697315, 1.0]","[0.0011232726766265966, 0.9257493564286693]","[0.0011928911710886148, 0.8015751083970243]","[0.0012056702236133523, 0.6761121384009444]","[0.0011690818544598843, 0.5555397164926363]","[0.0013088580220173194, 0.43442178519712676]","[0.001196119782462544, 0.0]"
260,"[0.9885639918442068, 1.0]","[0.0011486436840404347, 0.9257505007599248]","[0.0012196775828765744, 0.8015765512860284]","[0.0012325561718199269, 0.6761138046395543]","[0.001194942437024526, 0.5555415098648891]","[0.001337516029756311, 0.4344244433518126]","[0.0013026722502752506, 0.0]"
265,"[0.9883184369704465, 1.0]","[0.0011746153498108675, 0.9257516452434126]","[0.0012470947784680834, 0.8015779943705926]","[0.0012600712386060832, 0.6761154711091087]","[0.0012214037024525534, 0.5555433034923364]","[0.0013668335216150851, 0.434427101894784]","[0.00141154443860069, 0.0]"
270,"[0.988067312475067, 1.0]","[0.001201202493885253, 0.9257527898785679]","[0.0012751582439318304, 0.8015794376499857]","[0.001288230778350572, 0.6761171378087346]","[0.001248480211254919, 0.555545097374001]","[0.0013968263459857705, 0.43442976082451296]","[0.0015227894515245889, 0.0]"
275,"[0.9878104859890888, 1.0]","[0.0012284203156170915, 0.9257539346648304]","[0.0013038838599512114, 0.8015808811234798]","[0.001317050534533072, 0.676118804737563]","[0.0012761868905691144, 0.555546891508911]","[0.0014275107471008264, 0.43443242013947914]","[0.0016364616631397099, 0.0]"
280,"[0.9875478218659215, 1.0]","[0.001256284403810117, 0.9257550796016404]","[0.0013332879122250959, 0.8015823247903503]","[0.0013465466499361298, 0.6761204718947289]","[0.0013045390437138335, 0.5555486858960985]","[0.0014589033752705695, 0.4344350798381692]","[0.0017526167491226827, 0.0]"
285,"[0.9872791810971703, 1.0]","[0.0012848107470365964, 0.9257562246884425]","[0.001363387102151309, 0.8015837686498761]","[0.0013767356771230545, 0.6761221392793713]","[0.0013335523600006064, 0.5555504805346009]","[0.0014910212973940657, 0.4344377399190774]","[0.0018713117191239883, 0.0]"
290,"[0.987004421226209, 1.0]","[0.0013140157442375138, 0.925757369924683]","[0.0013941985578007738, 0.80158521270134]","[0.001407634589199489, 0.6761238068906338]","[0.0013632429248095067, 0.5555522754234594]","[0.0015238820077508528, 0.43444040038070475]","[0.0019926049499927405, 0.0]"
295,"[0.9867233962594544, 1.0]","[0.0013439162156125856, 0.9257585153098113]","[0.0014257398451904386, 0.8015866569440268]","[0.0014392607908664807, 0.6761254747276628]","[0.0013936272299362668, 0.5555540705617203]","[0.0015575034390812785, 0.4344430612215598]","[0.0021165562198584694, 0.0]"
300,"[0.9864359565752807, 1.0]","[0.0013745294138082312, 0.9257596608432787]","[0.0014580289798633449, 0.8015881013772259]","[0.001471632129773269, 0.6761271427896104]","[0.0014247221842183242, 0.5555558659484343]","[0.0015919039739633592, 0.43444572244015783]","[0.0022432267430927285, 0.0]"
305,"[0.9861419488305095, 1.0]","[0.0014058730354118937, 0.9257608065245394]","[0.001491084438784494, 0.8015895460002296]","[0.001504766908178084, 0.6761288110756313]","[0.0014565451244475218, 0.5555576615826564]","[0.001627102456494347, 0.4344483840350216]","[0.0023726792061739815, 0.0]"
310,"[0.9858412158644089, 1.0]","[0.0014379652327613623, 0.9257619523530504]","[0.0015249251725613089, 0.8015909908123333]","[0.0015386838949255886, 0.6761304795848848]","[0.0014891138265774443, 0.5555594574634465]","[0.001663118204285415, 0.4344510460046808]","[0.0025049778044798636, 0.0]"
315,"[0.9855335966001311, 1.0]","[0.0014708246260779507, 0.9257630983282703]","[0.0015595706179978527, 0.8015924358128361]","[0.0015734023377498084, 0.6761321483165341]","[0.0015224465172335648, 0.5555612535898685]","[0.001699971020778089, 0.4344537083476718]","[0.0026401882800315617, 0.0]"
320,"[0.9852189259435218, 1.0]","[0.0015044703159326734, 0.9257642444496617]","[0.0015950407109921567, 0.8015938810010401]","[0.0016089419759116482, 0.6761338172697464]","[0.001556561885534629, 0.5555630499609907]","[0.0017376812078913105, 0.43445637106253804]","[0.0027783779602157752, 0.0]"
325,"[0.9848970346792258, 1.0]","[0.0015389218960548093, 0.9257653907166884]","[0.0016313558997863228, 0.8015953263762512]","[0.0016453230531803449, 0.6761354864436927]","[0.0015914790952339288, 0.5555648465758865]","[0.001776269579008301, 0.43445903414783005]","[0.0029196157975103594, 0.0]"
330,"[0.984567749364017, 1.0]","[0.0015741994664925673, 0.9257665371288171]","[0.001668537158579296, 0.8015967719377775]","[0.0016825663311685305, 0.6761371558375474]","[0.0016272177971893953, 0.5555666434336326]","[0.0018157574723125637, 0.43446169760210523]","[0.0030639724102405363, 0.0]"
335,"[0.9842308922172732, 1.0]","[0.0016103236471357576, 0.9257676836855171]","[0.0017066060015125545, 0.8015982176849308]","[0.0017206931030307473, 0.6761388254504894]","[0.0016637981421716663, 0.5555684405333107]","[0.0018561667644827625, 0.43446436142392736]","[0.0032115201243932525, 0.0]"
340,"[0.9838862810085204, 1.0]","[0.0016473155916107132, 0.9257688303862599]","[0.0017455844970392072, 0.8015996636170262]","[0.0017597252075356859, 0.6761404952817012]","[0.0017012407940195224, 0.5555702378740067]","[0.0018975198847563579, 0.4344670256118675]","[0.003362333016518054, 0.0]"
345,"[0.9835337289419638, 1.0]","[0.0016851970015580556, 0.9257699772305196]","[0.0017854952826873163, 0.8016011097333818]","[0.0017996850435225654, 0.6761421653303691]","[0.001739566943152461, 0.5555720354548109]","[0.0019398398293722571, 0.43446969016450315]","[0.0035164869577435933, 0.0]"
350,"[0.9831730445379219, 1.0]","[0.0017239901413040979, 0.9257711242177732]","[0.0018263615802285465, 0.8016025560333193]","[0.0018405955847524958, 0.6761438355956834]","[0.0017787983204503011, 0.5555738332748177]","[0.001983150176402975, 0.4344723550804187]","[0.0036740596589397477, 0.0]"
355,"[0.9828040315110801, 1.0]","[0.001763717852937031, 0.9257722713474986]","[0.0018682072112636322, 0.8016040025161627]","[0.0018824803951658939, 0.6761455060768378]","[0.0018189572115101472, 0.5555756313331256]","[0.002027475100987128, 0.43447502035820496]","[0.0038351307170560876, 0.0]"
360,"[0.9824264886454738, 1.0]","[0.0018044035717994778, 0.9257734186191781]","[0.0019110566132364184, 0.8016054491812401]","[0.0019253636445573877, 0.67614717677303]","[0.0018600664712912192, 0.5555774296288378]","[0.0020728393909733864, 0.43447768599645964]","[0.003999781662668329, 0.0]"
365,"[0.9820402096661114, 1.0]","[0.0018460713424090897, 0.9257745660322948]","[0.001954934855888558, 0.8016068960278818]","[0.001969270124679957, 0.6761488476834613]","[0.0019021495391584368, 0.5555792281610612]","[0.0021192684629873105, 0.4344803519937868]","[0.004168096008765279, 0.0]"
370,"[0.9816449831071443, 1.0]","[0.0018887458348194849, 0.9257757135863348]","[0.001999867658167421, 0.8016083430554217]","[0.0020142252657903994, 0.6761505188073365]","[0.0019452304543359329, 0.5555810269289068]","[0.0021667883789328445, 0.43448301834879693]","[0.004340159300809651, 0.0]"
375,"[0.9812405921764878, 1.0]","[0.0019324523614339562, 0.9257768612807863]","[0.002045881405599971, 0.8016097902631969]","[0.0020602551536485726, 0.6761521901438645]","[0.0019893338717819394, 0.5555828259314901]","[0.0022154258629405953, 0.43448568506010726]","[0.004516059168107086, 0.0]"
380,"[0.9808268146167952, 1.0]","[0.0019772168942849256, 0.9257780091151402]","[0.002093003168145854, 0.8016112376505468]","[0.0021073865469831894, 0.6761538616922574]","[0.0020344850784969424, 0.5555846251679307]","[0.002265208318775274, 0.4344883521263415]","[0.00469588537651866, 0.0]"
385,"[0.9804034225626816, 1.0]","[0.0020230660827922405, 0.9257791570888892]","[0.002141260718543329, 0.8016126852168146]","[0.0021556468954373694, 0.6761555334517313]","[0.0020807100102772083, 0.5555864246373521]","[0.0023161638477152114, 0.4344910195461297]","[0.0048797298825531, 0.0]"
390,"[0.9799701823940973, 1.0]","[0.002070027272014212, 0.9257803052015293]","[0.0021906825511618902, 0.8016141329613464]","[0.0022050643580074835, 0.676157205421506]","[0.0021280352689262328, 0.5555882243388819]","[0.0023683212669170094, 0.43449368731810806]","[0.0050676868888760145, 0.0]"
395,"[0.9795268545857392, 1.0]","[0.00211812852140519, 0.9257814534525579]","[0.0022412979013761926, 0.8016155808834907]","[0.0022556678219892187, 0.6761588776008044]","[0.002176488139936959, 0.5555900242716519]","[0.002421710128278951, 0.43449635544091975]","[0.005259852901274412, 0.0]"
400,"[0.9790731935523938, 1.0]","[0.0021673986240942893, 0.9257826018414748]","[0.002293136765475872, 0.8016170289825993]","[0.002307486922445266, 0.6761605499888534]","[0.0022260966106580488, 0.5555918244347978]","[0.0024763607378170834, 0.43449902391321343]","[0.005456326787115851, 0.0]"
405,"[0.9786089474900952, 1.0]","[0.0022178671267000924, 0.9257837503677824]","[0.002346229921126682, 0.8016184772580275]","[0.0023605520622093363, 0.6761622225848831]","[0.0022768893889578016, 0.5555936248274591]","[0.002532304175568303, 0.4345016927336447]","[0.005657209835342723, 0.0]"
410,"[0.9781338582129849, 1.0]","[0.002269564349696694, 0.9257848990309845]","[0.0024006089483985383, 0.8016199257091324]","[0.0024148944324417273, 0.6761638953881276]","[0.0023288959223997647, 0.5555954254487796]","[0.002589572316035213, 0.4345043619008748]","[0.0058626058180432155, 0.0]"
415,"[0.9776476609857505, 1.0]","[0.0023225214083467806, 0.9257860478305884]","[0.002456306251376624, 0.8016213743352755]","[0.002470546033752152, 0.6761655683978243]","[0.002382146417944446, 0.5555972262979068]","[0.0026481978491879055, 0.43450703141357205]","[0.006072621053641715, 0.0]"
420,"[0.9771500843515212, 1.0]","[0.0023767702342180285, 0.9257871967661029]","[0.0025133550803722927, 0.8016228231358201]","[0.002527539697905741, 0.6761672416132136]","[0.0024366718621920123, 0.5555990273739921]","[0.0027082143020382876, 0.43450970127041]","[0.006287364471752589, 0.0]"
425,"[0.9766408499550941, 1.0]","[0.002432343597299546, 0.9257883458370392]","[0.0025717895547506765, 0.8016242721101325]","[0.002585909110128993, 0.6761689150335402]","[0.0024925040421812207, 0.5556008286761912]","[0.002769656060803024, 0.4345123714700687]","[0.006506947679742496, 0.0]"
430,"[0.9761196723613597, 1.0]","[0.0024892751287354893, 0.9257894950429105]","[0.002631644686392818, 0.8016257212575821]","[0.0026456888320325793, 0.6761705886580515]","[0.0025496755667602836, 0.5556026302036632]","[0.002832558393671576, 0.4345150420112345]","[0.006731485031047681, 0.0]"
435,"[0.9755862588687914, 1.0]","[0.0025475993441936105, 0.9257906443832327]","[0.0026929564038103066, 0.8016271705775415]","[0.0027069143251685973, 0.6761722624859985]","[0.0026082198885459267, 0.5556044319555716]","[0.0028969574741963874, 0.43451771289259944]","[0.006961093695293934, 0.0]"
440,"[0.9750403093178635, 1.0]","[0.0026073516678869557, 0.9257917938575231]","[0.0027557615769311637, 0.8016286200693854]","[0.0027696219752402947, 0.6761739365166365]","[0.0026681713264871815, 0.5556062339310832]","[0.0029628904053226714, 0.4345203841128616]","[0.007195893730268311, 0.0]"
445,"[0.9744815158942537, 1.0]","[0.0026685684572674544, 0.9257929434653014]","[0.0028200980425761094, 0.8016300697324914]","[0.002833849116982922, 0.6761756107492225]","[0.0027295650890510927, 0.5556080361293686]","[0.0030303952440758034, 0.4345230556707256]","[0.007436008155793024, 0.0]"
450,"[0.9739095629266834, 1.0]","[0.002731287028410737, 0.9257940932060906]","[0.002886004630645033, 0.8016315195662411]","[0.002899634059734705, 0.6761772851830188]","[0.002792437298048025, 0.5556098385496028]","[0.00309951102692483, 0.4345257275649012]","[0.007681563029553363, 0.0]"
455,"[0.9733241266792477, 1.0]","[0.0027955456821120456, 0.9257952430794142]","[0.0029535211910340173, 0.8016329695700173]","[0.0029670161137177794, 0.6761789598172896]","[0.0028568250131145645, 0.555611641190964]","[0.003170277795841132, 0.43452839979410474]","[0.007932687524932935, 0.0]"
460,"[0.9727248751380777, 1.0]","[0.0028613837307137225, 0.9257963930847987]","[0.0030226886213038247, 0.8016344197432063]","[0.0030360356170492046, 0.6761806346513028]","[0.002922766256872844, 0.5556134440526342]","[0.0032427366250718636, 0.43453107235705785]","[0.008189514010911026, 0.0]"
465,"[0.9721114677921783, 1.0]","[0.002928841525685357, 0.9257975432217725]","[0.003093548895121426, 0.8016358700851975]","[0.003106733963503032, 0.67618230968433]","[0.00299030004078538, 0.5556152471337995]","[0.003316929648648312, 0.43453374525248867]","[0.008452178134078428, 0.0]"
470,"[0.9714835554082755, 1.0]","[0.00299796048597824, 0.9257986934898662]","[0.0031661450914967837, 0.8016373205953823]","[0.003179153631044777, 0.6761839849156457]","[0.0030594663917253052, 0.5556170504336493]","[0.00339290008864992, 0.4345364184791303]","[0.00872081890282962, 0.0]"
475,"[0.9708407797995069, 1.0]","[0.0030687831271765695, 0.9257998438886126]","[0.003240521424837741, 0.8016387712731555]","[0.003253338211160493, 0.6761856603445275]","[0.00313030637928221, 0.5556188539513766]","[0.0034706922842453716, 0.4345390920357225]","[0.008995578773790877, 0.0]"
480,"[0.9701827735877794, 1.0]","[0.003141353091468286, 0.9258009944175462]","[0.003316723275846517, 0.8016402221179141]","[0.0033293324390031138, 0.6761873359702569]","[0.003202862143824678, 0.5556206576861787]","[0.003550351721532644, 0.43454176592101035]","[0.00927660374054552, 0.0]"
485,"[0.9695091599596183, 1.0]","[0.003215715178459309, 0.9258021450762038]","[0.0033947972232820584, 0.8016416731290582]","[0.003407182224379504, 0.6761890117921183]","[0.0032771769253410027, 0.555622461637256]","[0.0036319250642006633, 0.4345444401337444]","[0.009564043424719258, 0.0]"
490,"[0.9688195524153226, 1.0]","[0.003291915376855503, 0.9258032958641247]","[0.0034747910766131725, 0.8016431243059905]","[0.0034869346836023532, 0.6761906878093994]","[0.0033532950930801916, 0.5556242658038127]","[0.003715460185035896, 0.4345471146726815]","[0.009858051169490322, 0.0]"
495,"[0.9681135545112379, 1.0]","[0.003370000897037542, 0.9258044467808495]","[0.003556753909588068, 0.8016445756481159]","[0.0035686381722316407, 0.6761923640213905]","[0.0034312621760163075, 0.5556260701850565]","[0.003801006198297648, 0.4345497895365836]","[0.010158784135590983, 0.0]"
500,"[0.9673907595949525, 1.0]","[0.0034500202045544305, 0.9258055978259214]","[0.003640736094746856, 0.8016460271548426]","[0.003652342318731254, 0.676194040427386]","[0.0035111248941594193, 0.5556278747801988]","[0.003888613492986906, 0.4345524647242186]","[0.010466403399868828, 0.0]"
505,"[0.966650750533217, 1.0]","[0.003532023054562412, 0.9258067489988853]","[0.0037267893389040657, 0.8016474788255809]","[0.0037380980590670703, 0.6761957170266829]","[0.0035929311907375023, 0.5556296795884544]","[0.003978333767033927, 0.43455514023435965]","[0.010781074056478194, 0.0]"
510,"[0.9658930994323818, 1.0]","[0.0036160605272365595, 0.925807900299288]","[0.0038149667196293213, 0.8016489306597443]","[0.003825957672273521, 0.6761973938185817]","[0.0036767302652741056, 0.5556314846090419]","[0.0040702200624307796, 0.43455781606578575]","[0.011102965320774066, 0.0]"
515,"[0.9651173673511393, 1.0]","[0.0037021850641834036, 0.9258090517266789]","[0.003905322722754953, 0.8016503826567486]","[0.003915974817016529, 0.6761990708023856]","[0.0037625726075874973, 0.555633289841183]","[0.004164326801335569, 0.43456049221728105]","[0.01143225063598289, 0.0]"
520,"[0.9643231040053544, 1.0]","[0.0037904505058835164, 0.9258102032806088]","[0.0039979132809402525, 0.8016518348160122]","[0.004008204569181508, 0.6762007479774013]","[0.003850510032737585, 0.5556350952841033]","[0.004260709823176102, 0.4345631686876358]","[0.01176910778272674, 0.0]"
525,"[0.9635098474647583, 1.0]","[0.003880912130194105, 0.9258113549606307]","[0.004092795813323047, 0.8016532871369558]","[0.004102703460515883, 0.6762024253429383]","[0.0039405957169478395, 0.5556369009370318]","[0.004359426422781382, 0.43456584547564503]","[0.01211371899147954, 0.0]"
530,"[0.9626771238412746, 1.0]","[0.003973626691942392, 0.9258125067662998]","[0.004190029266289908, 0.8016547396190035]","[0.0041995295183566836, 0.6762041028983092]","[0.004032884234530168, 0.5556387067992008]","[0.004460535389570162, 0.43456852258010975]","[0.012466271058036249, 0.0]"
535,"[0.9618244469687403, 1.0]","[0.004068652463641506, 0.9258136586971726]","[0.004289674155397595, 0.8016561922615807]","[0.004298742306474352, 0.67620578064283]","[0.004127431595841468, 0.5556405128698462]","[0.004564097047826774, 0.4345711999998359]","[0.012826955462078165, 0.0]"
540,"[0.9609513180737778, 1.0]","[0.004166049277361573, 0.9258148107528087]","[0.004391792608479047, 0.8016576450641166]","[0.004400402967065101, 0.6762074585758197]","[0.00422429528630154, 0.5556423191482072]","[0.004670173298095232, 0.434573877733635]","[0.01319596848891992, 0.0]"
545,"[0.9600572254375648, 1.0]","[0.004265878567789713, 0.9258159629327685]","[0.004496448409968266, 0.8016590980260423]","[0.004504574263924965, 0.6762091366965998]","[0.00432353430650285, 0.5556441256335265]","[0.004778827659723405, 0.434576555780324]","[0.013573511354526217, 0.0]"
550,"[0.9591416440482448, 1.0]","[0.004368203416513595, 0.9258171152366148]","[0.0046037070464796095, 0.8016605511467911]","[0.004611320626839703, 0.6762108150044951]","[0.004425209213443534, 0.55564593232505]","[0.004890125314590321, 0.434579234138725]","[0.01395979033388863, 0.0]"
555,"[0.9582040352437105, 1.0]","[0.004473088597564193, 0.9258182676639124]","[0.00471363575367787, 0.8016620044257995]","[0.004720708197225758, 0.6762124934988338]","[0.0045293821629159795, 0.5556477392220274]","[0.005004133152050222, 0.4345819128076654]","[0.014355016892855734, 0.0]"
560,"[0.9572438463444858, 1.0]","[0.004580600624254643, 0.9258194202142277]","[0.004826303564476689, 0.8016634578625058]","[0.004832804875058524, 0.6762141721789464]","[0.004636116953084219, 0.5556495463237111]","[0.005120919815128307, 0.43458459178597775]","[0.01475940782351212, 0.0]"
565,"[0.9562605102764249, 1.0]","[0.004690807797352939, 0.9258205728871293]","[0.004941781358604061, 0.8016649114563518]","[0.004947680367125091, 0.6762158510441667]","[0.0047454790692844995, 0.5556513536293572]","[0.0052405557480039175, 0.43458727107250006]","[0.015173185383204845, 0.0]"
570,"[0.9552534451829372, 1.0]","[0.00480378025462764, 0.9258217256821873]","[0.005060141913574576, 0.8016663652067803]","[0.005065406236640083, 0.6762175300938317]","[0.00485753573008418, 0.5556531611382254]","[0.00536311324481812, 0.43458995066607503]","[0.015596577437318458, 0.0]"
575,"[0.9542220540264383, 1.0]","[0.004919590021806577, 0.9258228785989744]","[0.005181459957109688, 0.8016678191132381]","[0.00518605595426391, 0.6762192093272807]","[0.004972355934635388, 0.555654968849578]","[0.005488666499843564, 0.4345926305655511]","[0.016029817605902844, 0.0]"
580,"[0.9531657241787205, 1.0]","[0.0050383110649901185, 0.9258240316370644]","[0.005305812221047958, 0.8016692731751731]","[0.00530970495056436, 0.6762208887438564]","[0.005090010511360745, 0.555656776762681]","[0.00561729165905577, 0.43459531076978175]","[0.016473145414260922, 0.0]"
585,"[0.9520838269999243, 1.0]","[0.005160019344561512, 0.9258251847960336]","[0.005433277496788939, 0.8016707273920364]","[0.0054364306699633755, 0.6762225683429044]","[0.005210572168009716, 0.5556585848768038]","[0.005749066873146063, 0.43459799127762505]","[0.01692680644760641, 0.0]"
590,"[0.9509757174057867, 1.0]","[0.0052847928706382845, 0.9258263380754596]","[0.005563936692315494, 0.801672181763281]","[0.005566312626212167, 0.6762242481237725]","[0.0053341155431252075, 0.5556603931912183]","[0.005884072352017548, 0.43460067208794445]","[0.01739105250990494, 0.0]"
595,"[0.9498407334228274, 1.0]","[0.0054127117601098645, 0.925827491474922]","[0.005697872890840642, 0.8016736362883627]","[0.0056994324594392435, 0.6762259280858124]","[0.005460717258961236, 0.5556622017052008]","[0.0060223904208067825, 0.4346033531996085]","[0.017866141787015153, 0.0]"
600,"[0.9486781957311302, 1.0]","[0.00554385829530807, 0.9258286449940026]","[0.005835171411126552, 0.8016750909667395]","[0.005835873994817064, 0.6762276082283781]","[0.005590455975893707, 0.5556640104180298]","[0.006164105577475023, 0.4346060346114909]","[0.01835233901424962, 0.0]"
605,"[0.9474874071943621, 1.0]","[0.005678316984358418, 0.9258297986322844]","[0.005975919869524482, 0.801676545797872]","[0.005975723302894551, 0.6762292885508263]","[0.005723412448367579, 0.5556658193289873]","[0.006309304552014311, 0.43460871632247006]","[0.018849915648478953, 0.0]"
610,"[0.9462676523766625, 1.0]","[0.005816174623261709, 0.9258309523893528]","[0.006120208243786259, 0.8016780007812226]","[0.006119068761644052, 0.6762309690525168]","[0.005859669582424946, 0.5556676284373583]","[0.006458076367314803, 0.434611398331429]","[0.019359150044905956, 0.0]"
615,"[0.9450181970460297, 1.0]","[0.005957520359756863, 0.9258321062647941]","[0.006268128938699135, 0.8016794559162567]","[0.006266001120272705, 0.6762326497328119]","[0.005999312494860003, 0.5556694377424313]","[0.006610512401741367, 0.43461408063725643]","[0.01988032763864043, 0.0]"
620,"[0.94373828766381, 1.0]","[0.006102445759017378, 0.9258332602581977]","[0.006419776853597568, 0.8016809112024413]","[0.00641661356484979, 0.676234330591077]","[0.006142428574048125, 0.5556712472434977]","[0.006766706453468675, 0.4346167632388455]","[0.020413741131208762, 0.0]"
625,"[0.9424271508598947, 1.0]","[0.0062510448712354855, 0.9258344143691535]","[0.0065752494518069825, 0.8016823666392466]","[0.006571001785803198, 0.67623601162668]","[0.006289107542497671, 0.555673056939852]","[0.006926754806625609, 0.43461944613509446]","[0.02095969068213658, 0.0]"
630,"[0.9410839928932121, 1.0]","[0.006403414301149823, 0.9258355685972544]","[0.006734646832076322, 0.8016838222261445]","[0.0067292640473395554, 0.6762376928389918]","[0.006439441521174721, 0.555674866830792]","[0.007090756299301287, 0.43462212932490596]","[0.021518484105746406, 0.0]"
635,"[0.9397079990970888, 1.0]","[0.006559653279573752, 0.9258367229420936]","[0.006898071802057849, 0.801685277962609]","[0.006891501258844457, 0.6762393742273857]","[0.006593525095652247, 0.5556766769156182]","[0.007258812393466478, 0.4346248128071881]","[0.022090437073316694, 0.0]"
640,"[0.9382983333090461, 1.0]","[0.006719863736983591, 0.9258378774032675]","[0.007065629953894486, 0.801686733848117]","[0.007057817048320622, 0.6762410557912383]","[0.006751455384137039, 0.5556784871936344]","[0.007431027246865881, 0.4346274965808529]","[0.022675873320752472, 0.0]"
645,"[0.9368541372845823, 1.0]","[0.006884150379227613, 0.9258390319803733]","[0.007237429741976662, 0.801688189882147]","[0.007228317837923882, 0.6762427375299281]","[0.006913332107428914, 0.5556802976641477]","[0.007607507786938356, 0.4346301806448183]","[0.023275124861922486, 0.0]"
650,"[0.9353745300944761, 1.0]","[0.00705262076541856, 0.9258401866730102]","[0.0074135825629326035, 0.80168964606418]","[0.007403112921658419, 0.6762444194428371]","[0.007079257660868798, 0.5556821083264677]","[0.007788363786823769, 0.434632864998006]","[0.023888532207821934, 0.0]"
655,"[0.9338586075051378, 1.0]","[0.007225385388074216, 0.9258413414807792]","[0.007594202837918076, 0.8016911023936999]","[0.007582314545294686, 0.6762461015293495]","[0.007249337188333555, 0.5556839191799071]","[0.007973707943517152, 0.4346355496393428]","[0.024516444591724647, 0.0]"
660,"[0.9323054413415159, 1.0]","[0.007402557755572737, 0.925842496403283]","[0.007779408097273183, 0.8016925588701915]","[0.007766037988575235, 0.6762477837888524]","[0.007423678658337493, 0.5556857302237819]","[0.008163655958232301, 0.43463823456775996]","[0.025159220200493264, 0.0]"
665,"[0.9307140788320546, 1.0]","[0.007584254476991397, 0.9258436514401254]","[0.007969319067616368, 0.8016940154931432]","[0.007954401649775754, 0.6762494662207353]","[0.00760239294230211, 0.5556875414574108]","[0.0083583266190391, 0.4346409197821938]","[0.02581722641222076, 0.0]"
670,"[0.9290835419351829, 1.0]","[0.007770595349399237, 0.9258448065909134]","[0.008164059761447412, 0.8016954722620447]","[0.008147527132690627, 0.6762511488243905]","[0.00778559389505746, 0.5556893528801158]","[0.00855784188584062, 0.43464360528158497]","[0.026490840040381793, 0.0]"
675,"[0.9274128266467992, 1.0]","[0.007961703447676726, 0.9258459618552541]","[0.008363757569333784, 0.801696929176388]","[0.008345539336114285, 0.6762528315992129]","[0.007973398437640597, 0.5556911644912212]","[0.00876232697775798, 0.4346462910648786]","[0.02718044758467744, 0.0]"
680,"[0.9257009022882003, 1.0]","[0.008157705216937287, 0.9258471172327573]","[0.008568543354756805, 0.8016983862356676]","[0.008548566545891888, 0.6762545145445998]","[0.008165926642458245, 0.5556929762900549]","[0.008971910462993204, 0.43464897713102485]","[0.02788644548876219, 0.0]"
685,"[0.9239467107738875, 1.0]","[0.0083587305676283, 0.9258482727230335]","[0.008778551551696098, 0.8016998434393798]","[0.008756740529615193, 0.6762561976599516]","[0.008363301820883165, 0.5556947882759474]","[0.009186724351242063, 0.43465166347897805]","[0.028609240405047694, 0.0]"
690,"[0.9221491658586638, 1.0]","[0.008564912973390819, 0.9258494283256957]","[0.008993920265034013, 0.8017013007870235]","[0.008970196634041435, 0.6762578809446707]","[0.008565650613355538, 0.5556966004482322]","[0.009406904188731332, 0.4346543501076972]","[0.029349249466783172, 0.0]"
695,"[0.9203071523634221, 1.0]","[0.008776389571760803, 0.9258505840403584]","[0.009214791373863059, 0.8017027582780992]","[0.0091890738853158, 0.6762595643981624]","[0.008773103082062939, 0.5556984128062457]","[0.009632589155957, 0.4346570370161456]","[0.030106900567618354, 0.0]"
700,"[0.9184195253790034, 1.0]","[0.008993301267795871, 0.9258517398666374]","[0.009441310637782897, 0.80170421591211]","[0.00941351509208019, 0.6762612480198348]","[0.008985792806274666, 0.555700225349327]","[0.009863922168202215, 0.4346597242032914]","[0.03088263264886084, 0.0]"
705,"[0.9164851094474852, 1.0]","[0.009215792840715224, 0.9258528958041503]","[0.009673627806275533, 0.8017056736885607]","[0.009643666951553585, 0.6762629318090977]","[0.009203856980408532, 0.5557020380768178]","[0.010101049978916265, 0.43466241166810704]","[0.0316768959946457, 0.0]"
710,"[0.9145026977202452, 1.0]","[0.009444013053642437, 0.9258540518525166]","[0.00991189673125018, 0.801707131606959]","[0.00987968015867203, 0.6762646157653642]","[0.009427436514910426, 0.5557038509880634]","[0.010344123286038077, 0.43466509940956904]","[0.0324901525352418, 0.0]"
715,"[0.91247105109212, 1.0]","[0.00967811476654373, 0.9258552080113571]","[0.010156275482852094, 0.8017085896668134]","[0.010121709518378687, 0.6762662998880496]","[0.00965667614002951, 0.5557056640824112]","[0.010593296841350451, 0.43466778742665896]","[0.03332287615872556, 0.0]"
720,"[0.9103888973109647, 1.0]","[0.009918255052457383, 0.9258563642802945]","[0.010406926468632463, 0.8017100478676356]","[0.010369914061157373, 0.6762679841765717]","[0.009891724512574477, 0.5557074773592117]","[0.010848729562953779, 0.43467047571836204]","[0.03417555303125986, 0.0]"
725,"[0.908254930061891, 1.0]","[0.010164595317112357, 0.9258575206589521]","[0.010664016556179533, 0.8017115062089387]","[0.010624457161905675, 0.6762696686303509]","[0.010132734325738553, 0.5557092908178182]","[0.011110584650950507, 0.4346731642836686]","[0.035048681926222416, 0.0]"
730,"[0.9060678080254471, 1.0]","[0.010417301422038009, 0.9258586771469562]","[0.01092771719931403, 0.8017129646902384]","[0.010885506662246719, 0.6762713532488099]","[0.010379862422084052, 0.5557111044575868]","[0.011379029706434621, 0.4346758531215727]","[0.035942774562435414, 0.0]"
735,"[0.9038261539089762, 1.0]","[0.01067654381126873, 0.9258598337439339]","[0.01119820456795533, 0.8017144233110525]","[0.011153234996381706, 0.6762730380313743]","[0.01063326990977962, 0.5557129182778762]","[0.0116542368538829, 0.4346785422310733]","[0.03685835595175539, 0.0]"
740,"[0.9015285534503679, 1.0]","[0.010942497641752027, 0.925860990449514]","[0.011475659681767525, 0.8017158820708997]","[0.011427819320588426, 0.6762747229774714]","[0.010893122282186361, 0.5557147322780478]","[0.011936382867047967, 0.43468123161117295]","[0.037795964756289754, 0.0]"
745,"[0.8991735543933943, 1.0]","[0.011215342917570325, 0.9258621472633269]","[0.011760268547699028, 0.8017173409693025]","[0.011709441646473976, 0.6762764080865316]","[0.011159589540891829, 0.5557165464574663]","[0.012225649298455998, 0.434683921260879]","[0.038756153655514505, 0.0]"
750,"[0.8967596654337995, 1.0]","[0.01149526462809149, 0.9258633041850044]","[0.012052222301531088, 0.8017188000057841]","[0.011998288978093739, 0.6762780933579869]","[0.011432846322293912, 0.555718360815498]","[0.012522222612614946, 0.43468661117920265]","[0.039739489723575355, 0.0]"
755,"[0.8942853551352816, 1.0]","[0.011782452890165544, 0.9258644612141804]","[0.012351717353556169, 0.8017202591798698]","[0.012294553453051194, 0.6762797787912729]","[0.011713072027839964, 0.555720175351513]","[0.012826294323042468, 0.4346893013651598]","[0.04074655481706306, 0.0]"
760,"[0.8917490508144869, 1.0]","[0.012077103094489516, 0.9258656183504895]","[0.012658955538508834, 0.8017217184910875]","[0.012598432487697693, 0.6762814643858264]","[0.012000450958029034, 0.5557219900648835]","[0.013138061133226145, 0.4346919918177699]","[0.04177794597356197, 0.0]"
765,"[0.8891491373941024, 1.0]","[0.012379416056265583, 0.925866775593568]","[0.012974144269877115, 0.8017231779389669]","[0.012910128926554137, 0.6762831501410878]","[0.012295172450289335, 0.5557238049549846]","[0.013457725081631601, 0.43469468253605725]","[0.042834275821279875, 0.0]"
770,"[0.8864839562231126, 1.0]","[0.012689598170281698, 0.9258679329430545]","[0.013297496698725623, 0.8017246375230391]","[0.013229851196080418, 0.6762848360564984]","[0.012597431020845526, 0.555725620021194]","[0.013785493690878076, 0.4346973735190497]","[0.04391617300007601, 0.0]"
775,"[0.8837518038632517, 1.0]","[0.01300786157054776, 0.9258690903985883]","[0.013629231877165197, 0.8017260972428382]","[0.013557813462922823, 0.676286522131503]","[0.012907426510694599, 0.5557274352628918]","[0.014121580121204276, 0.4347000647657796]","[0.045024282594213635, 0.0]"
780,"[0.8809509308406568, 1.0]","[0.013334424294624697, 0.9258702479598104]","[0.013969574926609354, 0.8017275570978994]","[0.013894235796772732, 0.6762882083655485]","[0.013225364235812222, 0.5557292506794611]","[0.014466203328351163, 0.43470275627528326]","[0.046159266577172925, 0.0]"
785,"[0.8780795403616988, 1.0]","[0.01366951045278806, 0.9258714056263637]","[0.014318757210960343, 0.8017290170877602]","[0.014239344337974899, 0.6762898947580837]","[0.01355145514171562, 0.5557310662702873]","[0.01481958822599229, 0.4347054480466012]","[0.04732180426887004, 0.0]"
790,"[0.8751357869919306, 1.0]","[0.014013350402171639, 0.9258725633978919]","[0.01467701651487397, 0.8017304772119597]","[0.014593371470026994, 0.67629158130856]","[0.013885915962512471, 0.5557328820347586]","[0.01518196585284592, 0.4347081400787777]","[0.04851259280563829, 0.0]"
795,"[0.8721177752970709, 1.0]","[0.014366180926041708, 0.9258737212740408]","[0.015044597227255294, 0.8017319374700398]","[0.01495655599711722, 0.6762932680164315]","[0.014228969384569353, 0.5557346979722656]","[0.015553573544607764, 0.4347108323708615]","[0.049732347623337725, 0.0]"
800,"[0.8690235584448948, 1.0]","[0.014728245418356963, 0.9258748792544574]","[0.015421750530142631, 0.801733397861543]","[0.015329143326850711, 0.6762949548811538]","[0.014580844214937798, 0.5557365140822018]","[0.01593465511084665, 0.43471352492190507]","[0.0509818029539705, 0.0]"
805,"[0.865851136766883, 1.0]","[0.015099794073773936, 0.9258760373387902]","[0.01580873459314256, 0.8017348583860148]","[0.015711385658320497, 0.6762966419021854]","[0.014941775554679225, 0.5557383303639628]","[0.01632546101701051, 0.43471621773096497]","[0.0522617123361903, 0.0]"
810,"[0.8625984562784366, 1.0]","[0.015481084083262231, 0.9258771955266891]","[0.01620581477358286, 0.8017363190430021]","[0.01610354217568306, 0.6762983290789869]","[0.015312004977235717, 0.5557401468169472]","[0.016726248571694094, 0.4347189107971015]","[0.05357284914010552, 0.0]"
815,"[0.8592634071564306, 1.0]","[0.015872379835500126, 0.9258783538178054]","[0.016613263822556092, 0.8017377798320537]","[0.016505879247404154, 0.6763000164110209]","[0.01569178071199653, 0.5557419634405557]","[0.017137282119324398, 0.43472160411937943]","[0.054916007106788116, 0.0]"
820,"[0.8558438221728456, 1.0]","[0.01627395312422526, 0.9258795122117919]","[0.01703136209703142, 0.8017392407527206]","[0.016918670631344796, 0.6763017038977526]","[0.016081357833216542, 0.555743780234192]","[0.01755883323842483, 0.43472429769686677]","[0.056292000902911477, 0.0]"
825,"[0.8523374750831738, 1.0]","[0.016686083361720876, 0.9258806707083029]","[0.017460397778217895, 0.8017407018045554]","[0.017342197685863682, 0.6763033915386493]","[0.016480998454445724, 0.5557455971972618]","[0.01799118094562386, 0.4347269915286362]","[0.05770166669095409, 0.0]"
830,"[0.8487420789682588, 1.0]","[0.017109057798624035, 0.9258818293069944]","[0.017900667096368734, 0.8017421629871125]","[0.01777674958711623, 0.6763050793331804]","[0.01689097192863538, 0.5557474143291734]","[0.01843461190557877, 0.43472968561376346]","[0.05914586271541791, 0.0]"
835,"[0.8450552845281888, 1.0]","[0.017543171750247694, 0.9258829880075234]","[0.018352474562220392, 0.8017436242999484]","[0.018222623552737433, 0.6763067672808175]","[0.017311555054090818, 0.555749231629338]","[0.018889420646990757, 0.43473237995132874]","[0.06062546990552409, 0.0]"
840,"[0.8412746783268162, 1.0]","[0.017988728829614303, 0.9258841468095483]","[0.01881613320526816, 0.8017450857426209]","[0.018680125072100724, 0.6763084553810347]","[0.017743032286445585, 0.5557510490971688]","[0.019355909784892617, 0.4347350745404162]","[0.06214139249486233, 0.0]"
845,"[0.8373977809854403, 1.0]","[0.01844604118740534, 0.9258853057127295]","[0.019291964819085038, 0.8017465473146901]","[0.01914956814335089, 0.6763101436333081]","[0.01818569595683836, 0.5557528667320816]","[0.019834390249395824, 0.4347377693801132]","[0.06369455865848421, 0.0]"
850,"[0.8334220453241369, 1.0]","[0.01891542975903687, 0.9258864647167276]","[0.019780300213897064, 0.801748009015718]","[0.01963127551741587, 0.676311832037116]","[0.018639846496477857, 0.5557546845334947]","[0.020325181521089846, 0.43474046446951153]","[0.06528592116794549, 0.0]"
855,"[0.8293448544491803, 1.0]","[0.01939722451907852, 0.925887623821206]","[0.02028147947663581, 0.8017494708452679]","[0.020125578949207606, 0.6763135205919385]","[0.019105792667788606, 0.5557565025008285]","[0.02082861187329189, 0.4347431598077062]","[0.06691645806481715, 0.0]"
860,"[0.8251635197849497, 1.0]","[0.019891764743239008, 0.9258887830258284]","[0.02079585223869415, 0.8017509328029059]","[0.02063281945622967, 0.6763152092972586]","[0.019583851802334507, 0.5557583206335065]","[0.02134501862135204, 0.43474585539379645]","[0.06858717335320082, 0.0]"
865,"[0.8208752790486666, 1.0]","[0.02039939927814959, 0.9258899423302605]","[0.02132377795162023, 0.8017523948881984]","[0.021153347584815192, 0.676316898152561]","[0.020074350045724613, 0.5557601389309538]","[0.021874748379224058, 0.4347485512268849]","[0.07029909771179962, 0.0]"
870,"[0.8164772941662576, 1.0]","[0.0209204868191826, 0.9258911017341691]","[0.021865626170990252, 0.8017538571007151]","[0.02168752368422632, 0.6763185871573322]","[0.02057762260971103, 0.5557619573925984]","[0.022418157323519552, 0.4347512473060783]","[0.07205328922611251, 0.0]"
875,"[0.8119666491275852, 1.0]","[0.02145539619655159, 0.9258922612372226]","[0.022421776848708674, 0.8017553194400263]","[0.02223571818885307, 0.6763202763110613]","[0.021094014031695592, 0.5557637760178705]","[0.022975611465269354, 0.4347539436304867]","[0.07385083414133631, 0.0]"
880,"[0.8073403477792362, 1.0]","[0.022004506669943965, 0.9258934208390903]","[0.022992620633993453, 0.8017567819057045]","[0.022798311908756842, 0.6763219656132392]","[0.021623878441868756, 0.5557655948062027]","[0.02354748692962258, 0.43475664019922405]","[0.07569284763657795, 0.0]"
885,"[0.8025953115529998, 1.0]","[0.022568208231949882, 0.9258945805394434]","[0.023578559183309124, 0.8017582444973242]","[0.023375696328811996, 0.6763236550633593]","[0.02216757983821067, 0.5557674137570299]","[0.024134170243721713, 0.4347593370114082]","[0.07758047462099668, 0.0]"
890,"[0.7977283771281126, 1.0]","[0.023146901920553915, 0.9258957403379545]","[0.024180005479522124, 0.8017597072144613]","[0.023968273916705925, 0.6763253446609169]","[0.02272549236959206, 0.5557692328697894]","[0.02473605863299835, 0.4347620340661599]","[0.07951489055251484, 0.0]"
895,"[0.7927362940252891, 1.0]","[0.023741000140968454, 0.9258969002342965]","[0.02479738416055855, 0.8017611700566937]","[0.024576458440066687, 0.6763270344054092]","[0.02329800062721938, 0.5557710521439209]","[0.025353560326142697, 0.43476473136260446]","[0.08149730227975495, 0.0]"
900,"[0.7876157221304909, 1.0]","[0.024350926997094405, 0.9258980602281449]","[0.02543113185785492, 0.8017626330236006]","[0.02520067529299618, 0.676328724296336]","[0.023885499944676127, 0.5557728715788662]","[0.025987094869007323, 0.4347674288998699]","[0.08352894890788004, 0.0]"
905,"[0.7823632291463313, 1.0]","[0.024977118632905075, 0.9258992203191758]","[0.02608169754490055, 0.8017640961147633]","[0.025841361832293585, 0.6763304143331977]","[0.02448839670682112, 0.5557746911740695]","[0.026637093447712958, 0.4347701266770887]","[0.08561110268903534, 0.0]"
910,"[0.7769752879689433, 1.0]","[0.025620023584056413, 0.9259003805070667]","[0.026749542896180485, 0.8017655593297648]","[0.026498967723665258, 0.6763321045154989]","[0.025107108667811233, 0.5557765109289773]","[0.02730399922123405, 0.4347728246933961]","[0.08774506993810904, 0.0]"
915,"[0.7714482739880736, 1.0]","[0.026280103140039045, 0.9259015407914967]","[0.02743514265683703, 0.8017670226681898]","[0.02717395529822406, 0.6763337948427444]","[0.025742065278524875, 0.5557783308430383]","[0.027988267663748404, 0.4347755229479316]","[0.08993219197455285, 0.0]"
920,"[0.7657784623080941, 1.0]","[0.026957831717195034, 0.9259027011721456]","[0.028138985023377416, 0.8017684861296245]","[0.02786679991959224, 0.6763354853144417]","[0.026393708023671778, 0.5557801509157034]","[0.028690366917045608, 0.43477822143983774]","[0.09217384609102368, 0.0]"
925,"[0.7599620248875574, 1.0]","[0.027653697242933418, 0.9259038616486956]","[0.02886157203576673, 0.8017699497136564]","[0.028577990361931087, 0.6763371759301007]","[0.027062490768882112, 0.5557819711464264]","[0.029410778153297002, 0.43478092016826064]","[0.09447144654963206, 0.0]"
930,"[0.7539950275948416, 1.0]","[0.02836820155148956, 0.9259050222208289]","[0.029603419981254035, 0.8017714134198759]","[0.029308029199230874, 0.6763388666892328]","[0.02774888011807846, 0.5557837915346622]","[0.030149995948499594, 0.43478361913235014]","[0.09682644560660567, 0.0]"
935,"[0.7478734271773598, 1.0]","[0.02910186079158342, 0.9259061828882298]","[0.030365059810292933, 0.8017728772478738]","[0.030057433206203882, 0.6763405575913517]","[0.02845335578144264, 0.555785612079869]","[0.030908528666916495, 0.43478631833125936]","[0.09924033456620053, 0.0]"
940,"[0.7415930681417303, 1.0]","[0.029855205846343238, 0.9259073436505835]","[0.031147037564926195, 0.8017743411972434]","[0.030826733771137073, 0.6763422486359727]","[0.029176410954299514, 0.5557874327815066]","[0.03168689885684509, 0.434789017764145]","[0.1017146448647184, 0.0]"
945,"[0.7351496795422213, 1.0]","[0.03062878276587284, 0.9259085045075768]","[0.031949914820018535, 0.8017758052675791]","[0.031616477321067635, 0.6763439398226134]","[0.029918552707250173, 0.5557892536390372]","[0.03248564365805622, 0.43479171743016737]","[0.1042509491855132, 0.0]"
950,"[0.7285388716747048, 1.0]","[0.03142315321285278, 0.9259096654588977]","[0.032774269137731696, 0.801777269458477]","[0.03242722575966053, 0.6763456311507929]","[0.030680302387895864, 0.5557910746519252]","[0.033305315221256675, 0.4347944173284895]","[0.10685086260589764, 0.0]"
955,"[0.7217561326732643, 1.0]","[0.03223889492157747, 0.9259108265042351]","[0.03362069453564919, 0.8017787337695353]","[0.03325955691817569, 0.676347322620033]","[0.03146219603450717, 0.555792895819637]","[0.03414648113993877, 0.43479711745827865]","[0.10951604377688735, 0.0]"
960,"[0.7147968250065164, 1.0]","[0.033076602170843614, 0.9259119876432793]","[0.03448980196897128, 0.8017801982003535]","[0.03411406501992636, 0.676349014229857]","[0.0322647848020012, 0.5557947171416412]","[0.03500972489499277, 0.43479981781870486]","[0.11224819613674829, 0.0]"
965,"[0.7076561818706125, 1.0]","[0.033936886271117996, 0.9259131488757222]","[0.03538221982721302, 0.8017816627505324]","[0.0349913611586419, 0.6763507059797897]","[0.03308863540060341, 0.5557965386174092]","[0.03589564631246809, 0.43480251840894196]","[0.11504906915934308, 0.0]"
970,"[0.7003293034757953, 1.0]","[0.034820376066426205, 0.9259143102012564]","[0.03629859444585233, 0.8017831274196751]","[0.035892073791162715, 0.676352397869359]","[0.033934330547579834, 0.5557983602464134]","[0.03680486203488246, 0.43480521922816706]","[0.11792045963830125, 0.0]"
975,"[0.692811153223286, 1.0]","[0.03572771845141869, 0.9259154716195765]","[0.03723959063338944, 0.8017845922073857]","[0.036816849244905685, 0.6763540898980931]","[0.034802469432440405, 0.5558001820281295]","[0.03773800600649038, 0.4348079202755605]","[0.12086421300806928, 0.0]"
980,"[0.6850965537691809, 1.0]","[0.036659578904083334, 0.9259166331303771]","[0.03820589221429324, 0.8017860571132703]","[0.03776635224055519, 0.6763557820655236]","[0.03569366819602422, 0.5558020039620345]","[0.03869572997293393, 0.43481062155030564]","[0.12388222470292906, 0.0]"
985,"[0.6771801829719256, 1.0]","[0.037616642034590655, 0.9259177947333551]","[0.03919820258832533, 0.8017875221369362]","[0.038741266430447466, 0.6763574743711832]","[0.036608560423891136, 0.555803826047608]","[0.039678703995714326, 0.43481332305158976]","[0.12697644155510526, 0.0]"
990,"[0.6690565697198416, 1.0]","[0.03859961215077073, 0.9259189564282085]","[0.0402172453067476, 0.8017889872779924]","[0.03974229495313091, 0.6763591668146065]","[0.03754779765445881, 0.5558056482843315]","[0.04068761698193316, 0.43481602477860315]","[0.13014886323311703, 0.0]"
995,"[0.6607200896350547, 1.0]","[0.03960921384074032, 0.925920118214636]","[0.0412637646659353, 0.8017904525360496]","[0.04077016100460088, 0.6763608593953303]","[0.03851204990233532, 0.5558074706716885]","[0.041723177229769814, 0.43481872673053923]","[0.1334015437215635, 0.0]"
1000,"[0.6521649606500761, 1.0]","[0.04064619257320987, 0.925921280092338]","[0.042338526318935296, 0.8017919179107202]","[0.04182560842672211, 0.676362552112893]","[0.03950200619731421, 0.5558092932091645]","[0.042786112990172855, 0.4348214289065946]","[0.1367365928435694, 0.0]"
1005,"[0.6433852384531574, 1.0]","[0.04171131531602344, 0.9259224420610154]","[0.043442317905523796, 0.8017933834016178]","[0.04290940231336893, 0.6763642449668352]","[0.040518375139511675, 0.5558111158962475]","[0.043877173045260266, 0.4348241313059696]","[0.1401561778271543, 0.0]"
1010,"[0.63437481179843, 1.0]","[0.04280537117349564, 0.9259236041203712]","[0.04457594970133852, 0.8017948490083575]","[0.0440223296348299, 0.6763659379566986]","[0.0415618854711422, 0.5558129387324273]","[0.044997127303937415, 0.43482683392786714]","[0.14366252491682613, 0.0]"
1015,"[0.6251273976767086, 1.0]","[0.04392917204313306, 0.9259247662701088]","[0.04574025528667471, 0.8017963147305566]","[0.045165199881041104, 0.6763676310820276]","[0.04263328666544234, 0.5558147617171959]","[0.046146767415259006, 0.43482953677149383]","[0.14725792103174107, 0.0]"
1020,"[0.6156365363427129, 1.0]","[0.045083553292342, 0.9259259285099334]","[0.04693609223555762, 0.801797780567833]","[0.04633884572422932, 0.676369324342368]","[0.04373334953327097, 0.555816584850047]","[0.047326907400076036, 0.4348322398360593]","[0.15094471547181118, 0.0]"
1025,"[0.6058955861943284, 1.0]","[0.04626937445574782, 0.9259270908395508]","[0.048164342825718964, 0.8017992465198068]","[0.0475441237015649, 0.6763710177372669]","[0.044862866847929186, 0.5558184081304767]","[0.048538384301527, 0.43483494312077625]","[0.1547253216731837, 0.0]"
1030,"[0.595897718499391, 1.0]","[0.04748751995376659, 0.9259282532586685]","[0.049425914770128546, 0.8018007125860993]","[0.048781914918444386, 0.6763727112662744]","[0.04602265398876051, 0.555820231557983]","[0.049782058854949324, 0.4348376466248606]","[0.15860221901455968, 0.0]"
1035,"[0.5856359119653367, 1.0]","[0.04873889983309346, 0.9259294157669948]","[0.05072174197075083, 0.8018021787663332]","[0.05005312577304039, 0.6763744049289414]","[0.04721354960410997, 0.5558220551320657]","[0.051058816177805624, 0.4348403503475314]","[0.162577954675863, 0.0]"
1040,"[0.5751029471469161, 1.0]","[0.050024450529792604, 0.9259305783642394]","[0.05205278529521712, 0.8018036450601334]","[0.05135868870277898, 0.6763760987248213]","[0.04843641629423871, 0.5558238788522272]","[0.0523695664802369, 0.4348430542880108]","[0.1666551455508196, 0.0]"
1045,"[0.5642914006870181, 1.0]","[0.05134513565569472, 0.9259317410501127]","[0.0534200333771289, 0.8018051114671251]","[0.05269956295342257, 0.6763777926534684]","[0.04969214131480939, 0.5558257027179709]","[0.053715245796876074, 0.4348457584455241]","[0.17083648021505018, 0.0]"
1050,"[0.5531936393854971, 1.0]","[0.05270194680883128, 0.9259329038243267]","[0.05482450344072646, 0.8018065779869362]","[0.05407673537146161, 0.6763794867144397]","[0.050981637301577766, 0.5558275267288031]","[0.05509681674057245, 0.4348484628192997]","[0.1751247209513333, 0.0]"
1055,"[0.5418018140907336, 1.0]","[0.05409590440865742, 0.9259340666865945]","[0.056267242150685265, 0.8018080446191953]","[0.05549122122053626, 0.6763811809072935]","[0.05230584301694509, 0.5558293508842318]","[0.056515269278700146, 0.43485116740856883]","[0.17952270583374227, 0.0]"
1060,"[0.5301078534084959, 1.0]","[0.05552805855684096, 0.92593522963663]","[0.057749326487820836, 0.8018095113635326]","[0.05694406502263763, 0.6763828752315895]","[0.05366572411904662, 0.5558311751837667]","[0.0579716215327436, 0.43485387221256633]","[0.1840333508724146, 0.0]"
1065,"[0.5181034572224985, 1.0]","[0.056999489924417786, 0.9259363926741488]","[0.05927186465151408, 0.8018109782195797]","[0.058436341424855924, 0.6763845696868901]","[0.05506227395407399, 0.5558329996269197]","[0.059466920601876354, 0.4348565772305292]","[0.18865965222076356, 0.0]"
1070,"[0.5057800900208772, 1.0]","[0.05851131066614107, 0.9259375557988669]","[0.060835996989690555, 0.8018124451869703]","[0.0599691560924723, 0.6763862642727583]","[0.05649651437254948, 0.5558348242132045]","[0.06100224341126943, 0.4348592824616985]","[0.19340468844700007, 0.0]"
1075,"[0.49312897402261957, 1.0]","[0.060064665362877745, 0.925938719010502]","[0.062442896957215735, 0.8018139122653386]","[0.06154364662921296, 0.67638795898876]","[0.05796949657029558, 0.5558366489421369]","[0.06257869758589138, 0.43486198790531755]","[0.1982716228718872, 0.0]"
1080,"[0.4801410820978005, 1.0]","[0.061660731992933225, 0.9259398823087724]","[0.06409377210359486, 0.801815379454321]","[0.06316098352551336, 0.6763896538344615]","[0.05948230195486303, 0.5558384738132345]","[0.06419742235058447, 0.43486469356063306]","[0.20326370597471072, 0.0]"
1085,"[0.46680713047528294, 1.0]","[0.06330072293321302, 0.9259410456933981]","[0.06578986509089521, 0.8018168467535549]","[0.0648223711356639, 0.6763913488094322]","[0.06103604303820947, 0.555840298826017]","[0.06585958945722666, 0.43486739942689423]","[0.208384277869509, 0.0]"
1090,"[0.45311757123133745, 1.0]","[0.06498588599116106, 0.9259422091640999]","[0.06753245474283841, 0.8018183141626792]","[0.06652904868473951, 0.6763930439132421]","[0.06263186435644025, 0.5558421239800055]","[0.06756640413981489, 0.434870105503354]","[0.2136367708536686, 0.0]"
1095,"[0.43906258455243624, 1.0]","[0.066717505468441, 0.9259433727205993]","[0.06932285712603903, 0.8018197816813343]","[0.06828229130624146, 0.6763947391454634]","[0.06427094341745493, 0.5558439492747237]","[0.06931910609833102, 0.43487281178926734]","[0.21902471203105647, 0.0]"
1100,"[0.42463207076525755, 1.0]","[0.06849690325736202, 0.9259445363626195]","[0.07116242666439876, 0.801821249309162]","[0.07008341111141203, 0.6763964345056701]","[0.06595449167736502, 0.5558457747096965]","[0.07111897051227854, 0.43487551828389287]","[0.22455172601192627, 0.0]"
1105,"[0.4098156421267193, 1.0]","[0.0703254399710812, 0.9259457000898847]","[0.0730525572876968, 0.8018227170458052]","[0.07193375829121157, 0.6763981299934374]","[0.0676837555465774, 0.5558476002844515]","[0.07296730908480814, 0.434878224986492]","[0.23022153769190576, 0.0]"
1110,"[0.39460261436663635, 1.0]","[0.07220451610864655, 0.92594686390212]","[0.07499468361545081, 0.8018241848909087]","[0.07383472225197932, 0.6763998256083424]","[0.06946001742646814, 0.5558494259985169]","[0.07486547111837658, 0.43488093189632865]","[0.2360379751124424, 0.0]"
1115,"[0.37898199797535786, 1.0]","[0.07413557325597958, 0.9259480277990513]","[0.07699028217715852, 0.8018256528441186]","[0.07578773278583265, 0.6764015213499643]","[0.07128459677759741, 0.555851251851424]","[0.07681484462291599, 0.43488363901267]","[0.2420049724051582, 0.0]"
1120,"[0.3629424892285011, 1.0]","[0.07612009532393517, 0.9259491917804062]","[0.07904087267006224, 0.8018271209050819]","[0.07779426127689265, 0.6764032172178832]","[0.0731588512204508, 0.5558530778427054]","[0.07881685745751832, 0.43488634633478596]","[0.2481265728226399, 0.0]"
1125,"[0.3464724609406498, 1.0]","[0.07815960982460775, 0.9259503558459128]","[0.08114801925561972, 0.8018285890734476]","[0.07985582194445964, 0.6764049132116812]","[0.07508417766971814, 0.5558549039718956]","[0.08087297850667562, 0.4348890538619495]","[0.2544069318582695, 0.0]"
1130,"[0.3295599529396255, 1.0]","[0.08025568918709382, 0.9259515199953006]","[0.08331333189590026, 0.8018300573488653]","[0.08197397312429672, 0.676406609330942]","[0.07706201350316014, 0.5558567302385309]","[0.08298471889214516, 0.4348917615934361]","[0.2608503204577786, 0.0]"
1135,"[0.3121926622526765, 1.0]","[0.08240995211395989, 0.9259526842282998]","[0.08553846773116414, 0.801831525730987]","[0.08415031858921782, 0.6764083055752513]","[0.07909383776613942, 0.5558585566421492]","[0.08515363322154725, 0.4348944695285244]","[0.26746112832529517, 0.0]"
1140,"[0.2943579329956529, 1.0]","[0.08462406497970494, 0.9259538485446422]","[0.08782513249992507, 0.8018329942194652]","[0.08638650891021439, 0.6764100019441955]","[0.08118117241293304, 0.5558603831822908]","[0.08738132087483416, 0.4348971776664956]","[0.27424386732673567, 0.0]"
1145,"[0.2760427459559534, 1.0]","[0.08689974327254765, 0.9259550129440599]","[0.09017508200283635, 0.8018344628139543]","[0.0886842428593963, 0.6764116984373635]","[0.08332558358597515, 0.5558622098584973]","[0.08966942732980777, 0.43489988600663376]","[0.2812031749934835, 0.0]"
1150,"[0.2572337078597382, 1.0]","[0.08923875308091157, 0.9259561774262869]","[0.09259012361178645, 0.8018359315141095]","[0.0910452688560597, 0.6764133950543457]","[0.0855286829342171, 0.5558640366703123]","[0.09201964552789962, 0.4349025945482259]","[0.2883438181293875, 0.0]"
1155,"[0.23791704031359798, 1.0]","[0.09164291262602751, 0.9259573419910576]","[0.09507211782563206, 0.8018374003195878]","[0.09347138645724096, 0.6764150917947335]","[0.0877921289718301, 0.5558658636172809]","[0.09443371728146678, 0.4349053032905616]","[0.2956706965242048, 0.0]"
1160,"[0.21807856841055928, 1.0]","[0.0941140938421172, 0.9259585066381076]","[0.09762297987404281, 0.8018388692300472]","[0.09596444789415795, 0.6764167886581199]","[0.09011762847851389, 0.5558676906989504]","[0.09691343472389513, 0.4349080122329335]","[0.30318884677671387, 0.0]"
1165,"[0.19770370898998277, 1.0]","[0.09665422400567013, 0.9259596713671736]","[0.10024468137098347, 0.8018403382451472]","[0.09852635965598319, 0.6764184856441007]","[0.09250693794271735, 0.5558695179148695]","[0.09946064180384429, 0.4349107213746365]","[0.310903446230819, 0.0]"
1170,"[0.176777458540581, 1.0]","[0.09926528741537242, 0.9259608361779929]","[0.10293925201940442, 0.8018418073645486]","[0.10115908412244266, 0.6764201827522718]","[0.09496186504911577, 0.555871345264589]","[0.10207723582500973, 0.4349134307149686]","[0.31881981702807416, 0.0]"
1175,"[0.15528438073543402, 1.0]","[0.1019493271243042, 0.9259620010703046]","[0.10570878136876286, 0.8018432765879133]","[0.10386464124678184, 0.6764218799822314]","[0.0974842702117354, 0.5558731727476612]","[0.10476516903282362, 0.4349161402532303]","[0.3269434302801582, 0.0]"
1180,"[0.13320859358753437, 1.0]","[0.10470844672606358, 0.925963166043848]","[0.10855542062705183, 0.8018447459149052]","[0.10664511029068763, 0.6764235773335792]","[0.10007606815415988, 0.5558750003636402]","[0.10752645024955775, 0.43491884998872526]","[0.33527991036494514, 0.0]"
1185,"[0.11053375621401977, 1.0]","[0.10754481219653951, 0.9259643310983641]","[0.1114813845290662, 0.8018462153451886]","[0.10950263161281078, 0.6764252748059165]","[0.10273922953829748, 0.5558768281120817]","[0.11036314655934268, 0.43492155992075926]","[0.34383503934992377, 0.0]"
1190,"[0.0872430551968767, 1.0]","[0.11046065379310607, 0.9259654962335944]","[0.11448895326269372, 0.8018476848784297]","[0.11243940851258105, 0.6764269723988456]","[0.1054757826432384, 0.5558786559925433]","[0.1132773850446618, 0.4349242700486411]","[0.3526147615468424, 0.0]"
1195,"[0.06331919052750976, 1.0]","[0.11345826801307124, 0.9259666614492812]","[0.1175804744550719, 0.8018491545142954]","[0.1154577091310664, 0.676428670111971]","[0.1082878150957792, 0.5558804840045842]","[0.11627135457593187, 0.43492698037168204]","[0.3616251882015698, 0.0]"
1200,"[0.038744361122165456, 1.0]","[0.11654001961326856, 0.9259678267451684]","[0.12075836522051941, 0.8018506242524548]","[0.11855986841068296, 0.6764303679448983]","[0.11117747565424088, 0.5558823121477655]","[0.11934730765583162, 0.4349296908891963]","[0.3708726023232913, 0.0]"
1205,"[0.013500249894784417, 1.0]","[0.11970834369274996, 0.925968992121001]","[0.12402511427220383, 0.8018520940925773]","[0.12174829011561962, 0.676432065897235]","[0.11414697604726172, 0.5558841404216499]","[0.12250756232009348, 0.43493240160050045]","[0.3803634636572871, 0.0]"
1210,"[0, 1.0]","[0.09703350631923535, 0.9131331626687036]","[0.1273832840995782, 0.8018535640343342]","[0.1250254489149031, 0.6764337639685896]","[0.11719859286929943, 0.5558859688258017]","[0.12575450409652808, 0.4349351125049137]","[0.39010441380567157, 0.0]"
1215,"[0, 1.0]","[0.07374280530209228, 0.9006326476520813]","[0.13083551321368259, 0.8018550340773976]","[0.1283938925300905, 0.6764354621585726]","[0.12033466953463312, 0.5558877973597868]","[0.12909058802410822, 0.43493782360175814]","[0.400102281500609, 0.0]"
1220,"[0, 1.0]","[0.04981894063272534, 0.8884588443798105]","[0.134384518462473, 0.8018565042214414]","[0.1318562439496427, 0.6764371604667956]","[0.12355761829171194, 0.555889626023173]","[0.13251834073399948, 0.4349405348903581]","[0.4103640880346633, 0.0]"
1225,"[0, 1.0]","[0.02524411122738104, 0.8766033718]","[0.13803309741841555, 0.80185797446614]","[0.13541520371209548, 0.6764388588928723]","[0.12686992229975977, 0.5558914548155297]","[0.13604036259448002, 0.4349432463700408]","[0.4208970528530839, 0.0]"
1230,"[0, 1.0]","[0, nan]","[0.14178413084064959, 0.80185944481117]","[0.1390735522602189, 0.6764405574364168]","[0.13027413776960464, 0.555893283736428]","[0.13965932992176078, 0.43494595804013575]","[0.43170859931298183, 0.0]"
1235,"[0, 1.0]","[0, nan]","[0.11970834369274996, 0.7906061855741254]","[0.14283415236841904, 0.676442256097046]","[0.13377289617076588, 0.5558951127854402]","[0.143377997258778, 0.43494866989997527]","[0.44280636061450285, 0.0]"
1240,"[0, 1.0]","[0, nan]","[0.09703350631923535, 0.7796467622508338]","[0.14669995164571845, 0.6764439548743774]","[0.13736890650689815, 0.5558969419621409]","[0.14719919972409737, 0.4349513819488942]","[0.4541981859092664, 0.0]"
1245,"[0, 1.0]","[0, nan]","[0.07374280530209228, 0.768973635420703]","[0.15067398511672128, 0.6764456537680298]","[0.1410649576617599, 0.5558987712661059]","[0.1511258554331381, 0.43495409418622977]","[0.46589214659150424, 0.0]"
1250,"[0, 1.0]","[0, nan]","[0.04981894063272534, 0.758579459962693]","[0.15475937788304953, 0.6764473527776239]","[0.14486392081794178, 0.5559006006969128]","[0.15516096799399742, 0.43495680661132186]","[0.47789654277750165, 0.0]"
1255,"[0, 1.0]","[0, nan]","[0.02524411122738104, 0.74845708]","[0.15895934786781732, 0.6764490519027822]","[0.14876875195066702, 0.555902430254141]","[0.15930762908022747, 0.43495951922351284]","[0.4902199099791229, 0.0]"
1260,"[0, 1.0]","[0, nan]","[0, nan]","[0.1632772086457966, 0.6764507511431276]","[0.15278249439904448, 0.5559042599373708]","[0.1635690210829941, 0.4349622320221476]","[0.5028710259773806, 0.0]"
1265,"[0, 1.0]","[0, nan]","[0, nan]","[0.14178413084064959, 0.6668415318647644]","[0.15690828151724248, 0.5559060897461852]","[0.16794841984512401, 0.43496494500657346]","[0.5158589179021996, 0.0]"
1270,"[0, 1.0]","[0, nan]","[0, nan]","[0.11970834369274996, 0.6574831079246971]","[0.1611493394081185, 0.5559079196801676]","[0.17244919747963003, 0.4349676581761402]","[0.5291928695247172, 0.0]"
1275,"[0, 1.0]","[0, nan]","[0, nan]","[0.09703350631923535, 0.6483690434959012]","[0.16550898974193365, 0.5559097497389037]","[0.177074825275384, 0.4349703715302001]","[0.5428824287686628, 0.0]"
1280,"[0, 1.0]","[0, nan]","[0, nan]","[0.07374280530209228, 0.6394930686875966]","[0.1699906526628615, 0.5559115799219808]","[0.18182887669269804, 0.43497308506810795]","[0.5569374154475639, 0.0]"
1285,"[0, 1.0]","[0, nan]","[0, nan]","[0.04981894063272534, 0.6308490751287315]","[0.1745978497860882, 0.5559134102289877]","[0.18671503045165957, 0.43497579878922077]","[0.5713679292347427, 0.0]"
1290,"[0, 1.0]","[0, nan]","[0, nan]","[0.02524411122738104, 0.6224311119]","[0.17933420728839383, 0.5559152406595141]","[0.19173707371616, 0.4349785126928981]","[0.5861843578732808, 0.0]"
1295,"[0, 1.0]","[0, nan]","[0, nan]","[0, nan]","[0.18420345909519836, 0.5559170712131524]","[0.1968989053766536, 0.43498122677850243]","[0.6013973856333638, 0.0]"
1300,"[0, 1.0]","[0, nan]","[0, nan]","[0, nan]","[0.1632772086457966, 0.5479251084387606]","[0.20220453943477684, 0.43498394104539767]","[0.6170180020246423, 0.0]"
1305,"[0, 1.0]","[0, nan]","[0, nan]","[0, nan]","[0.14178413084064959, 0.540141640825633]","[0.20765810849306707, 0.43498665549295085]","[0.6330575107714991, 0.0]"
1310,"[0, 1.0]","[0, nan]","[0, nan]","[0, nan]","[0.11970834369274996, 0.5325613174355167]","[0.21326386735311542, 0.4349893701205312]","[0.6495275390593503, 0.0]"
1315,"[0, 1.0]","[0, nan]","[0, nan]","[0, nan]","[0.09703350631923535, 0.5251789252480626]","[0.2190261967256057, 0.43499208492751007]","[0.6664400470603747, 0.0]"
1320,"[0, 1.0]","[0, nan]","[0, nan]","[0, nan]","[0.07374280530209228, 0.5179893856309657]","[0.22494960705579978, 0.43499479991326173]","[0.6838073377473237, 0.0]"
1325,"[0, 1.0]","[0, nan]","[0, nan]","[0, nan]","[0.04981894063272534, 0.5109877508451689]","[0.23103874246814315, 0.43499751507716217]","[0.7016420670043473, 0.0]"
1330,"[0, 1.0]","[0, nan]","[0, nan]","[0, nan]","[0.02524411122738104, 0.5041692006]","[0.23729838483378796, 0.4350002304185902]","[0.7199572540440468, 0.0]"
1335,"[0, 1.0]","[0, nan]","[0, nan]","[0, nan]","[0, nan]","[0.2437334579649538, 0.43500294593692634]","[0.7387662921402619, 0.0]"
1340,"[0, 1.0]","[0, nan]","[0, nan]","[0, nan]","[0, nan]","[0.22441679041881354, 0.42852805181860903]","[0.7580829596864022, 0.0]"
1345,"[0, 1.0]","[0, nan]","[0, nan]","[0, nan]","[0, nan]","[0.20457831851577488, 0.42222186963195235]","[0.7779214315894409, 0.0]"
1350,"[0, 1.0]","[0, nan]","[0, nan]","[0, nan]","[0, nan]","[0.18420345909519836, 0.4160800678675952]","[0.7982962910100174, 0.0]"
1355,"[0, 1.0]","[0, nan]","[0, nan]","[0, nan]","[0, nan]","[0.1632772086457966, 0.41009842674806546]","[0.8192225414594192, 0.0]"
1360,"[0, 1.0]","[0, nan]","[0, nan]","[0, nan]","[0, nan]","[0.14178413084064959, 0.404272835305431]","[0.8407156192645662, 0.0]"
1365,"[0, 1.0]","[0, nan]","[0, nan]","[0, nan]","[0, nan]","[0.11970834369274996, 0.3985992885915583]","[0.8627914064124658, 0.0]"
1370,"[0, 1.0]","[0, nan]","[0, nan]","[0, nan]","[0, nan]","[0.09703350631923535, 0.3930738848855834]","[0.8854662437859804, 0.0]"
1375,"[0, 1.0]","[0, nan]","[0, nan]","[0, nan]","[0, nan]","[0.07374280530209228, 0.3876928230627503]","[0.9087569448031235, 0.0]"
1380,"[0, 1.0]","[0, nan]","[0, nan]","[0, nan]","[0, nan]","[0.04981894063272534, 0.3824523999225692]","[0.9326808094724904, 0.0]"
1385,"[0, 1.0]","[0, nan]","[0, nan]","[0, nan]","[0, nan]","[0.02524411122738104, 0.3773490077]","[0.9572556388778347, 0.0]"
1390,"[0, 1.0]","[0, nan]","[0, nan]","[0, nan]","[0, nan]","[0, nan]","[0.9824997501052157, 0.0]"
1395,"[0, 1.0]","[0, nan]","[0, nan]","[0, nan]","[0, nan]","[0, nan]","[0.9824997501052157, 0.0]"
1400,"[0, 1.0]","[0, nan]","[0, nan]","[0, nan]","[0, nan]","[0, nan]","[0.9824997501052157, 0.0]"
1405,"[0, 1.0]","[0, nan]","[0, nan]","[0, nan]","[0, nan]","[0, nan]","[0.9824997501052157, 0.0]"
1410,"[0, 1.0]","[0, nan]","[0, nan]","[0, nan]","[0, nan]","[0, nan]","[0.9824997501052157, 0.0]"
1415,"[0, 1.0]","[0, nan]","[0, nan]","[0, nan]","[0, nan]","[0, nan]","[0.9824997501052157, 0.0]"
1420,"[0, 1.0]","[0, nan]","[0, nan]","[0, nan]","[0, nan]","[0, nan]","[0.9824997501052157, 0.0]"
1425,"[0, 1.0]","[0, nan]","[0, nan]","[0, nan]","[0, nan]","[0, nan]","[0.9824997501052157, 0.0]"
1430,"[0, 1.0]","[0, nan]","[0, nan]","[0, nan]","[0, nan]","[0, nan]","[0.9824997501052157, 0.0]"
1435,"[0, 1.0]","[0, nan]","[0, nan]","[0, nan]","[0, nan]","[0, nan]","[0.9824997501052157, 0.0]"
1440,"[0, 1.0]","[0, nan]","[0, nan]","[0, nan]","[0, nan]","[0, nan]","[0.9824997501052157, 0.0]"
1445,"[0, 1.0]","[0, nan]","[0, nan]","[0, nan]","[0, nan]","[0, nan]","[0.9824997501052157, 0.0]"
1450,"[0, 1.0]","[0, nan]","[0, nan]","[0, nan]","[0, nan]","[0, nan]","[0.9824997501052157, 0.0]"
1455,"[0, 1.0]","[0, nan]","[0, nan]","[0, nan]","[0, nan]","[0, nan]","[0.9824997501052157, 0.0]"
1460,"[0, 1.0]","[0, nan]","[0, nan]","[0, nan]","[0, nan]","[0, nan]","[0.9824997501052157, 0.0]"
1465,"[0, 1.0]","[0, nan]","[0, nan]","[0, nan]","[0, nan]","[0, nan]","[0.9824997501052157, 0.0]"
1470,"[0, 1.0]","[0, nan]","[0, nan]","[0, nan]","[0, nan]","[0, nan]","[0.9824997501052157, 0.0]"
1475,"[0, 1.0]","[0, nan]","[0, nan]","[0, nan]","[0, nan]","[0, nan]","[0.9824997501052157, 0.0]"
1480,"[0, 1.0]","[0, nan]","[0, nan]","[0, nan]","[0, nan]","[0, nan]","[0.9824997501052157, 0.0]"
1485,"[0, 1.0]","[0, nan]","[0, nan]","[0, nan]","[0, nan]","[0, nan]","[0.9824997501052157, 0.0]"
1490,"[0, 1.0]","[0, nan]","[0, nan]","[0, nan]","[0, nan]","[0, nan]","[0.9824997501052157, 0.0]"
1495,"[0, 1.0]","[0, nan]","[0, nan]","[0, nan]","[0, nan]","[0, nan]","[0.9824997501052157, 0.0]"
1500,"[0, 1.0]","[0, nan]","[0, nan]","[0, nan]","[0, nan]","[0, nan]","[0.9824997501052157, 0.0]"
1505,"[0, 1.0]","[0, nan]","[0, nan]","[0, nan]","[0, nan]","[0, nan]","[0.9824997501052157, 0.0]"
1510,"[0, 1.0]","[0, nan]","[0, nan]","[0, nan]","[0, nan]","[0, nan]","[0.9824997501052157, 0.0]"
1515,"[0, 1.0]","[0, nan]","[0, nan]","[0, nan]","[0, nan]","[0, nan]","[0.9824997501052157, 0.0]"
1520,"[0, 1.0]","[0, nan]","[0, nan]","[0, nan]","[0, nan]","[0, nan]","[0.9824997501052157, 0.0]"
1525,"[0, 1.0]","[0, nan]","[0, nan]","[0, nan]","[0, nan]","[0, nan]","[0.9824997501052157, 0.0]"
1530,"[0, 1.0]","[0, nan]","[0, nan]","[0, nan]","[0, nan]","[0, nan]","[0.9824997501052157, 0.0]"
1535,"[0, 1.0]","[0, nan]","[0, nan]","[0, nan]","[0, nan]","[0, nan]","[0.9824997501052157, 0.0]"
1540,"[0, 1.0]","[0, nan]","[0, nan]","[0, nan]","[0, nan]","[0, nan]","[0.9824997501052157, 0.0]"
1545,"[0, 1.0]","[0, nan]","[0, nan]","[0, nan]","[0, nan]","[0, nan]","[0.9824997501052157, 0.0]"
1550,"[0, 1.0]","[0, nan]","[0, nan]","[0, nan]","[0, nan]","[0, nan]","[0.9824997501052157, 0.0]"
1555,"[0, 1.0]","[0, nan]","[0, nan]","[0, nan]","[0, nan]","[0, nan]","[0.9824997501052157, 0.0]"
1560,"[0, 1.0]","[0, nan]","[0, nan]","[0, nan]","[0, nan]","[0, nan]","[0.9824997501052157, 0.0]"
1565,"[0, 1.0]","[0, nan]","[0, nan]","[0, nan]","[0, nan]","[0, nan]","[0.9824997501052157, 0.0]"
1570,"[0, 1.0]","[0, nan]","[0, nan]","[0, nan]","[0, nan]","[0, nan]","[0.9824997501052157, 0.0]"
1575,"[0, 1.0]","[0, nan]","[0, nan]","[0, nan]","[0, nan]","[0, nan]","[0.9824997501052157, 0.0]"
1580,"[0, 1.0]","[0, nan]","[0, nan]","[0, nan]","[0, nan]","[0, nan]","[0.9824997501052157, 0.0]"
1585,"[0, 1.0]","[0, nan]","[0, nan]","[0, nan]","[0, nan]","[0, nan]","[0.9824997501052157, 0.0]"
1590,"[0, 1.0]","[0, nan]","[0, nan]","[0, nan]","[0, nan]","[0, nan]","[0.9824997501052157, 0.0]"
1595,"[0, 1.0]","[0, nan]","[0, nan]","[0, nan]","[0, nan]","[0, nan]","[0.9824997501052157, 0.0]"
1600,"[0, 1.0]","[0, nan]","[0, nan]","[0, nan]","[0, nan]","[0, nan]","[0.9824997501052157, 0.0]"
1605,"[0, 1.0]","[0, nan]","[0, nan]","[0, nan]","[0, nan]","[0, nan]","[0.9824997501052157, 0.0]"
1610,"[0, 1.0]","[0, nan]","[0, nan]","[0, nan]","[0, nan]","[0, nan]","[0.9824997501052157, 0.0]"
1615,"[0, 1.0]","[0, nan]","[0, nan]","[0, nan]","[0, nan]","[0, nan]","[0.9824997501052157, 0.0]"
1620,"[0, 1.0]","[0, nan]","[0, nan]","[0, nan]","[0, nan]","[0, nan]","[0.9824997501052157, 0.0]"
1625,"[0, 1.0]","[0, nan]","[0, nan]","[0, nan]","[0, nan]","[0, nan]","[0.9824997501052157, 0.0]"
1630,"[0, 1.0]","[0, nan]","[0, nan]","[0, nan]","[0, nan]","[0, nan]","[0.9824997501052157, 0.0]"
1635,"[0, 1.0]","[0, nan]","[0, nan]","[0, nan]","[0, nan]","[0, nan]","[0.9824997501052157, 0.0]"
1640,"[0, 1.0]","[0, nan]","[0, nan]","[0, nan]","[0, nan]","[0, nan]","[0.9824997501052157, 0.0]"
1645,"[0, 1.0]","[0, nan]","[0, nan]","[0, nan]","[0, nan]","[0, nan]","[0.9824997501052157, 0.0]"
1650,"[0, 1.0]","[0, nan]","[0, nan]","[0, nan]","[0, nan]","[0, nan]","[0.9824997501052157, 0.0]"
1655,"[0, 1.0]","[0, nan]","[0, nan]","[0, nan]","[0, nan]","[0, nan]","[0.9824997501052157, 0.0]"
1660,"[0, 1.0]","[0, nan]","[0, nan]","[0, nan]","[0, nan]","[0, nan]","[0.9824997501052157, 0.0]"
1665,"[0, 1.0]","[0, nan]","[0, nan]","[0, nan]","[0, nan]","[0, nan]","[0.9824997501052157, 0.0]"
1670,"[0, 1.0]","[0, nan]","[0, nan]","[0, nan]","[0, nan]","[0, nan]","[0.9824997501052157, 0.0]"
1675,"[0, 1.0]","[0, nan]","[0, nan]","[0, nan]","[0, nan]","[0, nan]","[0.9824997501052157, 0.0]"
1680,"[0, 1.0]","[0, nan]","[0, nan]","[0, nan]","[0, nan]","[0, nan]","[0.9824997501052157, 0.0]"
1685,"[0, 1.0]","[0, nan]","[0, nan]","[0, nan]","[0, nan]","[0, nan]","[0.9824997501052157, 0.0]"
1690,"[0, 1.0]","[0, nan]","[0, nan]","[0, nan]","[0, nan]","[0, nan]","[0.9824997501052157, 0.0]"
1695,"[0, 1.0]","[0, nan]","[0, nan]","[0, nan]","[0, nan]","[0, nan]","[0.9824997501052157, 0.0]"
1700,"[0, 1.0]","[0, nan]","[0, nan]","[0, nan]","[0, nan]","[0, nan]","[0.9824997501052157, 0.0]"
1705,"[0, 1.0]","[0, nan]","[0, nan]","[0, nan]","[0, nan]","[0, nan]","[0.9824997501052157, 0.0]"
1710,"[0, 1.0]","[0, nan]","[0, nan]","[0, nan]","[0, nan]","[0, nan]","[0.9824997501052157, 0.0]"
1715,"[0, 1.0]","[0, nan]","[0, nan]","[0, nan]","[0, nan]","[0, nan]","[0.9824997501052157, 0.0]"
1720,"[0, 1.0]","[0, nan]","[0, nan]","[0, nan]","[0, nan]","[0, nan]","[0.9824997501052157, 0.0]"
1725,"[0, 1.0]","[0, nan]","[0, nan]","[0, nan]","[0, nan]","[0, nan]","[0.9824997501052157, 0.0]"
1730,"[0, 1.0]","[0, nan]","[0, nan]","[0, nan]","[0, nan]","[0, nan]","[0.9824997501052157, 0.0]"
1735,"[0, 1.0]","[0, nan]","[0, nan]","[0, nan]","[0, nan]","[0, nan]","[0.9824997501052157, 0.0]"
1740,"[0, 1.0]","[0, nan]","[0, nan]","[0, nan]","[0, nan]","[0, nan]","[0.9824997501052157, 0.0]"
1745,"[0, 1.0]","[0, nan]","[0, nan]","[0, nan]","[0, nan]","[0, nan]","[0.9824997501052157, 0.0]"
1750,"[0, 1.0]","[0, nan]","[0, nan]","[0, nan]","[0, nan]","[0, nan]","[0.9824997501052157, 0.0]"
1755,"[0, 1.0]","[0, nan]","[0, nan]","[0, nan]","[0, nan]","[0, nan]","[0.9824997501052157, 0.0]"
1760,"[0, 1.0]","[0, nan]","[0, nan]","[0, nan]","[0, nan]","[0, nan]","[0.9824997501052157, 0.0]"
1765,"[0, 1.0]","[0, nan]","[0, nan]","[0, nan]","[0, nan]","[0, nan]","[0.9824997501052157, 0.0]"
1770,"[0, 1.0]","[0, nan]","[0, nan]","[0, nan]","[0, nan]","[0, nan]","[0.9824997501052157, 0.0]"
1775,"[0, 1.0]","[0, nan]","[0, nan]","[0, nan]","[0, nan]","[0, nan]","[0.9824997501052157, 0.0]"
1780,"[0, 1.0]","[0, nan]","[0, nan]","[0, nan]","[0, nan]","[0, nan]","[0.9824997501052157, 0.0]"
1785,"[0, 1.0]","[0, nan]","[0, nan]","[0, nan]","[0, nan]","[0, nan]","[0.9824997501052157, 0.0]"
1790,"[0, 1.0]","[0, nan]","[0, nan]","[0, nan]","[0, nan]","[0, nan]","[0.9824997501052157, 0.0]"
1795,"[0, 1.0]","[0, nan]","[0, nan]","[0, nan]","[0, nan]","[0, nan]","[0.9824997501052157, 0.0]"
1800,"[0, 1.0]","[0, nan]","[0, nan]","[0, nan]","[0, nan]","[0, nan]","[0.9824997501052157, 0.0]"
1805,"[0, 1.0]","[0, nan]","[0, nan]","[0, nan]","[0, nan]","[0, nan]","[0.9824997501052157, 0.0]"
1810,"[0, 1.0]","[0, nan]","[0, nan]","[0, nan]","[0, nan]","[0, nan]","[0.9824997501052157, 0.0]"
1815,"[0, 1.0]","[0, nan]","[0, nan]","[0, nan]","[0, nan]","[0, nan]","[0.9824997501052157, 0.0]"
1820,"[0, 1.0]","[0, nan]","[0, nan]","[0, nan]","[0, nan]","[0, nan]","[0.9824997501052157, 0.0]"
1825,"[0, 1.0]","[0, nan]","[0, nan]","[0, nan]","[0, nan]","[0, nan]","[0.9824997501052157, 0.0]"
1830,"[0, 1.0]","[0, nan]","[0, nan]","[0, nan]","[0, nan]","[0, nan]","[0.9824997501052157, 0.0]"
1835,"[0, 1.0]","[0, nan]","[0, nan]","[0, nan]","[0, nan]","[0, nan]","[0.9824997501052157, 0.0]"
1840,"[0, 1.0]","[0, nan]","[0, nan]","[0, nan]","[0, nan]","[0, nan]","[0.9824997501052157, 0.0]"
1845,"[0, 1.0]","[0, nan]","[0, nan]","[0, nan]","[0, nan]","[0, nan]","[0.9824997501052157, 0.0]"
1850,"[0, 1.0]","[0, nan]","[0, nan]","[0, nan]","[0, nan]","[0, nan]","[0.9824997501052157, 0.0]"
1855,"[0, 1.0]","[0, nan]","[0, nan]","[0, nan]","[0, nan]","[0, nan]","[0.9824997501052157, 0.0]"
1860,"[0, 1.0]","[0, nan]","[0, nan]","[0, nan]","[0, nan]","[0, nan]","[0.9824997501052157, 0.0]"
1865,"[0, 1.0]","[0, nan]","[0, nan]","[0, nan]","[0, nan]","[0, nan]","[0.9824997501052157, 0.0]"
1870,"[0, 1.0]","[0, nan]","[0, nan]","[0, nan]","[0, nan]","[0, nan]","[0.9824997501052157, 0.0]"
1875,"[0, 1.0]","[0, nan]","[0, nan]","[0, nan]","[0, nan]","[0, nan]","[0.9824997501052157, 0.0]"
1880,"[0, 1.0]","[0, nan]","[0, nan]","[0, nan]","[0, nan]","[0, nan]","[0.9824997501052157, 0.0]"
1885,"[0, 1.0]","[0, nan]","[0, nan]","[0, nan]","[0, nan]","[0, nan]","[0.9824997501052157, 0.0]"
1890,"[0, 1.0]","[0, nan]","[0, nan]","[0, nan]","[0, nan]","[0, nan]","[0.9824997501052157, 0.0]"
1895,"[0, 1.0]","[0, nan]","[0, nan]","[0, nan]","[0, nan]","[0, nan]","[0.9824997501052157, 0.0]"
1900,"[0, 1.0]","[0, nan]","[0, nan]","[0, nan]","[0, nan]","[0, nan]","[0.9824997501052157, 0.0]"
1905,"[0, 1.0]","[0, nan]","[0, nan]","[0, nan]","[0, nan]","[0, nan]","[0.9824997501052157, 0.0]"
1910,"[0, 1.0]","[0, nan]","[0, nan]","[0, nan]","[0, nan]","[0, nan]","[0.9824997501052157, 0.0]"
1915,"[0, 1.0]","[0, nan]","[0, nan]","[0, nan]","[0, nan]","[0, nan]","[0.9824997501052157, 0.0]"
1920,"[0, 1.0]","[0, nan]","[0, nan]","[0, nan]","[0, nan]","[0, nan]","[0.9824997501052157, 0.0]"
1925,"[0, 1.0]","[0, nan]","[0, nan]","[0, nan]","[0, nan]","[0, nan]","[0.9824997501052157, 0.0]"
1930,"[0, 1.0]","[0, nan]","[0, nan]","[0, nan]","[0, nan]","[0, nan]","[0.9824997501052157, 0.0]"
1935,"[0, 1.0]","[0, nan]","[0, nan]","[0, nan]","[0, nan]","[0, nan]","[0.9824997501052157, 0.0]"
1940,"[0, 1.0]","[0, nan]","[0, nan]","[0, nan]","[0, nan]","[0, nan]","[0.9824997501052157, 0.0]"
1945,"[0, 1.0]","[0, nan]","[0, nan]","[0, nan]","[0, nan]","[0, nan]","[0.9824997501052157, 0.0]"
1950,"[0, 1.0]","[0, nan]","[0, nan]","[0, nan]","[0, nan]","[0, nan]","[0.9824997501052157, 0.0]"
1955,"[0, 1.0]","[0, nan]","[0, nan]","[0, nan]","[0, nan]","[0, nan]","[0.9824997501052157, 0.0]"
1960,"[0, 1.0]","[0, nan]","[0, nan]","[0, nan]","[0, nan]","[0, nan]","[0.9824997501052157, 0.0]"
1965,"[0, 1.0]","[0, nan]","[0, nan]","[0, nan]","[0, nan]","[0, nan]","[0.9824997501052157, 0.0]"
1970,"[0, 1.0]","[0, nan]","[0, nan]","[0, nan]","[0, nan]","[0, nan]","[0.9824997501052157, 0.0]"
1975,"[0, 1.0]","[0, nan]","[0, nan]","[0, nan]","[0, nan]","[0, nan]","[0.9824997501052157, 0.0]"
1980,"[0, 1.0]","[0, nan]","[0, nan]","[0, nan]","[0, nan]","[0, nan]","[0.9824997501052157, 0.0]"
1985,"[0, 1.0]","[0, nan]","[0, nan]","[0, nan]","[0, nan]","[0, nan]","[0.9824997501052157, 0.0]"
1990,"[0, 1.0]","[0, nan]","[0, nan]","[0, nan]","[0, nan]","[0, nan]","[0.9824997501052157, 0.0]"
1995,"[0, 1.0]","[0, nan]","[0, nan]","[0, nan]","[0, nan]","[0, nan]","[0.9824997501052157, 0.0]"
2000,"[0, 1.0]","[0, nan]","[0, nan]","[0, nan]","[0, nan]","[0, nan]","[0.9824997501052157, 0.0]"
